/*--------------------------------*- C++ -*----------------------------------*\
| =========                 |                                                 |
| \\      /  F ield         | OpenFOAM: The Open Source CFD Toolbox           |
|  \\    /   O peration     | Version:  2312                                  |
|   \\  /    A nd           | Website:  www.openfoam.com                      |
|    \\/     M anipulation  |                                                 |
\*---------------------------------------------------------------------------*/
FoamFile
{
    version     2.0;
    format      ascii;
    arch        "LSB;label=32;scalar=64";
    class       faceList;
    location    "constant/polyMesh";
    object      faces;
}
// * * * * * * * * * * * * * * * * * * * * * * * * * * * * * * * * * * * * * //


4880
(
4(42 44 45 43)
4(44 46 47 45)
4(46 48 49 47)
4(48 50 51 49)
4(50 52 53 51)
4(52 54 55 53)
4(54 56 57 55)
4(56 58 59 57)
4(58 60 61 59)
4(60 62 63 61)
4(62 64 65 63)
4(64 66 67 65)
4(66 68 69 67)
4(68 70 71 69)
4(70 72 73 71)
4(72 74 75 73)
4(74 76 77 75)
4(76 78 79 77)
4(78 80 81 79)
4(80 82 83 81)
4(84 86 87 85)
4(86 88 89 87)
4(88 90 91 89)
4(90 92 93 91)
4(92 94 95 93)
4(94 96 97 95)
4(96 98 99 97)
4(98 100 101 99)
4(100 102 103 101)
4(102 104 105 103)
4(104 106 107 105)
4(106 108 109 107)
4(108 110 111 109)
4(110 112 113 111)
4(112 114 115 113)
4(114 116 117 115)
4(116 118 119 117)
4(118 120 121 119)
4(120 122 123 121)
4(122 124 125 123)
4(126 128 129 127)
4(128 130 131 129)
4(130 132 133 131)
4(132 134 135 133)
4(134 136 137 135)
4(136 138 139 137)
4(138 140 141 139)
4(140 142 143 141)
4(142 144 145 143)
4(144 146 147 145)
4(146 148 149 147)
4(148 150 151 149)
4(150 152 153 151)
4(152 154 155 153)
4(154 156 157 155)
4(156 158 159 157)
4(158 160 161 159)
4(160 162 163 161)
4(162 164 165 163)
4(164 166 167 165)
4(168 170 171 169)
4(170 172 173 171)
4(172 174 175 173)
4(174 176 177 175)
4(176 178 179 177)
4(178 180 181 179)
4(180 182 183 181)
4(182 184 185 183)
4(184 186 187 185)
4(186 188 189 187)
4(188 190 191 189)
4(190 192 193 191)
4(192 194 195 193)
4(194 196 197 195)
4(196 198 199 197)
4(198 200 201 199)
4(200 202 203 201)
4(202 204 205 203)
4(204 206 207 205)
4(206 208 209 207)
4(210 212 213 211)
4(212 214 215 213)
4(214 216 217 215)
4(216 218 219 217)
4(218 220 221 219)
4(220 222 223 221)
4(222 224 225 223)
4(224 226 227 225)
4(226 228 229 227)
4(228 230 231 229)
4(230 232 233 231)
4(232 234 235 233)
4(234 236 237 235)
4(236 238 239 237)
4(238 240 241 239)
4(240 242 243 241)
4(242 244 245 243)
4(244 246 247 245)
4(246 248 249 247)
4(248 250 251 249)
4(252 254 255 253)
4(254 256 257 255)
4(256 258 259 257)
4(258 260 261 259)
4(260 262 263 261)
4(262 264 265 263)
4(264 266 267 265)
4(266 268 269 267)
4(268 270 271 269)
4(270 272 273 271)
4(272 274 275 273)
4(274 276 277 275)
4(276 278 279 277)
4(278 280 281 279)
4(280 282 283 281)
4(282 284 285 283)
4(284 286 287 285)
4(286 288 289 287)
4(288 290 291 289)
4(290 292 293 291)
4(294 296 297 295)
4(296 298 299 297)
4(298 300 301 299)
4(300 302 303 301)
4(302 304 305 303)
4(304 306 307 305)
4(306 308 309 307)
4(308 310 311 309)
4(310 312 313 311)
4(312 314 315 313)
4(314 316 317 315)
4(316 318 319 317)
4(318 320 321 319)
4(320 322 323 321)
4(322 324 325 323)
4(324 326 327 325)
4(326 328 329 327)
4(328 330 331 329)
4(330 332 333 331)
4(332 334 335 333)
4(336 338 339 337)
4(338 340 341 339)
4(340 342 343 341)
4(342 344 345 343)
4(344 346 347 345)
4(346 348 349 347)
4(348 350 351 349)
4(350 352 353 351)
4(352 354 355 353)
4(354 356 357 355)
4(356 358 359 357)
4(358 360 361 359)
4(360 362 363 361)
4(362 364 365 363)
4(364 366 367 365)
4(366 368 369 367)
4(368 370 371 369)
4(370 372 373 371)
4(372 374 375 373)
4(374 376 377 375)
4(378 380 381 379)
4(380 382 383 381)
4(382 384 385 383)
4(384 386 387 385)
4(386 388 389 387)
4(388 390 391 389)
4(390 392 393 391)
4(392 394 395 393)
4(394 396 397 395)
4(396 398 399 397)
4(398 400 401 399)
4(400 402 403 401)
4(402 404 405 403)
4(404 406 407 405)
4(406 408 409 407)
4(408 410 411 409)
4(410 412 413 411)
4(412 414 415 413)
4(414 416 417 415)
4(416 418 419 417)
4(420 422 423 421)
4(422 424 425 423)
4(424 426 427 425)
4(426 428 429 427)
4(428 430 431 429)
4(430 432 433 431)
4(432 434 435 433)
4(434 436 437 435)
4(436 438 439 437)
4(438 440 441 439)
4(440 442 443 441)
4(442 444 445 443)
4(444 446 447 445)
4(446 448 449 447)
4(448 450 451 449)
4(450 452 453 451)
4(452 454 455 453)
4(454 456 457 455)
4(456 458 459 457)
4(458 460 461 459)
4(462 464 465 463)
4(464 466 467 465)
4(466 468 469 467)
4(468 470 471 469)
4(470 472 473 471)
4(472 474 475 473)
4(474 476 477 475)
4(476 478 479 477)
4(478 480 481 479)
4(480 482 483 481)
4(482 484 485 483)
4(484 486 487 485)
4(486 488 489 487)
4(488 490 491 489)
4(490 492 493 491)
4(492 494 495 493)
4(494 496 497 495)
4(496 498 499 497)
4(498 500 501 499)
4(500 502 503 501)
4(504 506 507 505)
4(506 508 509 507)
4(508 510 511 509)
4(510 512 513 511)
4(512 514 515 513)
4(514 516 517 515)
4(516 518 519 517)
4(518 520 521 519)
4(520 522 523 521)
4(522 524 525 523)
4(524 526 527 525)
4(526 528 529 527)
4(528 530 531 529)
4(530 532 533 531)
4(532 534 535 533)
4(534 536 537 535)
4(536 538 539 537)
4(538 540 541 539)
4(540 542 543 541)
4(542 544 545 543)
4(546 548 549 547)
4(548 550 551 549)
4(550 552 553 551)
4(552 554 555 553)
4(554 556 557 555)
4(556 558 559 557)
4(558 560 561 559)
4(560 562 563 561)
4(562 564 565 563)
4(564 566 567 565)
4(566 568 569 567)
4(568 570 571 569)
4(570 572 573 571)
4(572 574 575 573)
4(574 576 577 575)
4(576 578 579 577)
4(578 580 581 579)
4(580 582 583 581)
4(582 584 585 583)
4(584 586 587 585)
4(588 590 591 589)
4(590 592 593 591)
4(592 594 595 593)
4(594 596 597 595)
4(596 598 599 597)
4(598 600 601 599)
4(600 602 603 601)
4(602 604 605 603)
4(604 606 607 605)
4(606 608 609 607)
4(608 610 611 609)
4(610 612 613 611)
4(612 614 615 613)
4(614 616 617 615)
4(616 618 619 617)
4(618 620 621 619)
4(620 622 623 621)
4(622 624 625 623)
4(624 626 627 625)
4(626 628 629 627)
4(630 632 633 631)
4(632 634 635 633)
4(634 636 637 635)
4(636 638 639 637)
4(638 640 641 639)
4(640 642 643 641)
4(642 644 645 643)
4(644 646 647 645)
4(646 648 649 647)
4(648 650 651 649)
4(650 652 653 651)
4(652 654 655 653)
4(654 656 657 655)
4(656 658 659 657)
4(658 660 661 659)
4(660 662 663 661)
4(662 664 665 663)
4(664 666 667 665)
4(666 668 669 667)
4(668 670 671 669)
4(672 674 675 673)
4(674 676 677 675)
4(676 678 679 677)
4(678 680 681 679)
4(680 682 683 681)
4(682 684 685 683)
4(684 686 687 685)
4(686 688 689 687)
4(688 690 691 689)
4(690 692 693 691)
4(692 694 695 693)
4(694 696 697 695)
4(696 698 699 697)
4(698 700 701 699)
4(700 702 703 701)
4(702 704 705 703)
4(704 706 707 705)
4(706 708 709 707)
4(708 710 711 709)
4(710 712 713 711)
4(714 716 717 715)
4(716 718 719 717)
4(718 720 721 719)
4(720 722 723 721)
4(722 724 725 723)
4(724 726 727 725)
4(726 728 729 727)
4(728 730 731 729)
4(730 732 733 731)
4(732 734 735 733)
4(734 736 737 735)
4(736 738 739 737)
4(738 740 741 739)
4(740 742 743 741)
4(742 744 745 743)
4(744 746 747 745)
4(746 748 749 747)
4(748 750 751 749)
4(750 752 753 751)
4(752 754 755 753)
4(756 758 759 757)
4(758 760 761 759)
4(760 762 763 761)
4(762 764 765 763)
4(764 766 767 765)
4(766 768 769 767)
4(768 770 771 769)
4(770 772 773 771)
4(772 774 775 773)
4(774 776 777 775)
4(776 778 779 777)
4(778 780 781 779)
4(780 782 783 781)
4(782 784 785 783)
4(784 786 787 785)
4(786 788 789 787)
4(788 790 791 789)
4(790 792 793 791)
4(792 794 795 793)
4(794 796 797 795)
4(798 800 801 799)
4(800 802 803 801)
4(802 804 805 803)
4(804 806 807 805)
4(806 808 809 807)
4(808 810 811 809)
4(810 812 813 811)
4(812 814 815 813)
4(814 816 817 815)
4(816 818 819 817)
4(818 820 821 819)
4(820 822 823 821)
4(822 824 825 823)
4(824 826 827 825)
4(826 828 829 827)
4(828 830 831 829)
4(830 832 833 831)
4(832 834 835 833)
4(834 836 837 835)
4(836 838 839 837)
4(840 842 843 841)
4(842 844 845 843)
4(844 846 847 845)
4(846 848 849 847)
4(848 850 851 849)
4(850 852 853 851)
4(852 854 855 853)
4(854 856 857 855)
4(856 858 859 857)
4(858 860 861 859)
4(860 862 863 861)
4(862 864 865 863)
4(864 866 867 865)
4(866 868 869 867)
4(868 870 871 869)
4(870 872 873 871)
4(872 874 875 873)
4(874 876 877 875)
4(876 878 879 877)
4(878 880 881 879)
4(882 884 885 883)
4(884 886 887 885)
4(886 888 889 887)
4(888 890 891 889)
4(890 892 893 891)
4(892 894 895 893)
4(894 896 897 895)
4(896 898 899 897)
4(898 900 901 899)
4(900 902 903 901)
4(902 904 905 903)
4(904 906 907 905)
4(906 908 909 907)
4(908 910 911 909)
4(910 912 913 911)
4(912 914 915 913)
4(914 916 917 915)
4(916 918 919 917)
4(918 920 921 919)
4(920 922 923 921)
4(924 926 927 925)
4(926 928 929 927)
4(928 930 931 929)
4(930 932 933 931)
4(932 934 935 933)
4(934 936 937 935)
4(936 938 939 937)
4(938 940 941 939)
4(940 942 943 941)
4(942 944 945 943)
4(944 946 947 945)
4(946 948 949 947)
4(948 950 951 949)
4(950 952 953 951)
4(952 954 955 953)
4(954 956 957 955)
4(956 958 959 957)
4(958 960 961 959)
4(960 962 963 961)
4(962 964 965 963)
4(966 968 969 967)
4(968 970 971 969)
4(970 972 973 971)
4(972 974 975 973)
4(974 976 977 975)
4(976 978 979 977)
4(978 980 981 979)
4(980 982 983 981)
4(982 984 985 983)
4(984 986 987 985)
4(986 988 989 987)
4(988 990 991 989)
4(990 992 993 991)
4(992 994 995 993)
4(994 996 997 995)
4(996 998 999 997)
4(998 1000 1001 999)
4(1000 1002 1003 1001)
4(1002 1004 1005 1003)
4(1004 1006 1007 1005)
4(1008 1010 1011 1009)
4(1010 1012 1013 1011)
4(1012 1014 1015 1013)
4(1014 1016 1017 1015)
4(1016 1018 1019 1017)
4(1018 1020 1021 1019)
4(1020 1022 1023 1021)
4(1022 1024 1025 1023)
4(1024 1026 1027 1025)
4(1026 1028 1029 1027)
4(1028 1030 1031 1029)
4(1030 1032 1033 1031)
4(1032 1034 1035 1033)
4(1034 1036 1037 1035)
4(1036 1038 1039 1037)
4(1038 1040 1041 1039)
4(1040 1042 1043 1041)
4(1042 1044 1045 1043)
4(1044 1046 1047 1045)
4(1046 1048 1049 1047)
4(1050 1052 1053 1051)
4(1052 1054 1055 1053)
4(1054 1056 1057 1055)
4(1056 1058 1059 1057)
4(1058 1060 1061 1059)
4(1060 1062 1063 1061)
4(1062 1064 1065 1063)
4(1064 1066 1067 1065)
4(1066 1068 1069 1067)
4(1068 1070 1071 1069)
4(1070 1072 1073 1071)
4(1072 1074 1075 1073)
4(1074 1076 1077 1075)
4(1076 1078 1079 1077)
4(1078 1080 1081 1079)
4(1080 1082 1083 1081)
4(1082 1084 1085 1083)
4(1084 1086 1087 1085)
4(1086 1088 1089 1087)
4(1088 1090 1091 1089)
4(1092 1094 1095 1093)
4(1094 1096 1097 1095)
4(1096 1098 1099 1097)
4(1098 1100 1101 1099)
4(1100 1102 1103 1101)
4(1102 1104 1105 1103)
4(1104 1106 1107 1105)
4(1106 1108 1109 1107)
4(1108 1110 1111 1109)
4(1110 1112 1113 1111)
4(1112 1114 1115 1113)
4(1114 1116 1117 1115)
4(1116 1118 1119 1117)
4(1118 1120 1121 1119)
4(1120 1122 1123 1121)
4(1122 1124 1125 1123)
4(1124 1126 1127 1125)
4(1126 1128 1129 1127)
4(1128 1130 1131 1129)
4(1130 1132 1133 1131)
4(1134 1136 1137 1135)
4(1136 1138 1139 1137)
4(1138 1140 1141 1139)
4(1140 1142 1143 1141)
4(1142 1144 1145 1143)
4(1144 1146 1147 1145)
4(1146 1148 1149 1147)
4(1148 1150 1151 1149)
4(1150 1152 1153 1151)
4(1152 1154 1155 1153)
4(1154 1156 1157 1155)
4(1156 1158 1159 1157)
4(1158 1160 1161 1159)
4(1160 1162 1163 1161)
4(1162 1164 1165 1163)
4(1164 1166 1167 1165)
4(1166 1168 1169 1167)
4(1168 1170 1171 1169)
4(1170 1172 1173 1171)
4(1172 1174 1175 1173)
4(1176 1178 1179 1177)
4(1178 1180 1181 1179)
4(1180 1182 1183 1181)
4(1182 1184 1185 1183)
4(1184 1186 1187 1185)
4(1186 1188 1189 1187)
4(1188 1190 1191 1189)
4(1190 1192 1193 1191)
4(1192 1194 1195 1193)
4(1194 1196 1197 1195)
4(1196 1198 1199 1197)
4(1198 1200 1201 1199)
4(1200 1202 1203 1201)
4(1202 1204 1205 1203)
4(1204 1206 1207 1205)
4(1206 1208 1209 1207)
4(1208 1210 1211 1209)
4(1210 1212 1213 1211)
4(1212 1214 1215 1213)
4(1214 1216 1217 1215)
4(1218 1220 1221 1219)
4(1220 1222 1223 1221)
4(1222 1224 1225 1223)
4(1224 1226 1227 1225)
4(1226 1228 1229 1227)
4(1228 1230 1231 1229)
4(1230 1232 1233 1231)
4(1232 1234 1235 1233)
4(1234 1236 1237 1235)
4(1236 1238 1239 1237)
4(1238 1240 1241 1239)
4(1240 1242 1243 1241)
4(1242 1244 1245 1243)
4(1244 1246 1247 1245)
4(1246 1248 1249 1247)
4(1248 1250 1251 1249)
4(1250 1252 1253 1251)
4(1252 1254 1255 1253)
4(1254 1256 1257 1255)
4(1256 1258 1259 1257)
4(1260 1262 1263 1261)
4(1262 1264 1265 1263)
4(1264 1266 1267 1265)
4(1266 1268 1269 1267)
4(1268 1270 1271 1269)
4(1270 1272 1273 1271)
4(1272 1274 1275 1273)
4(1274 1276 1277 1275)
4(1276 1278 1279 1277)
4(1278 1280 1281 1279)
4(1280 1282 1283 1281)
4(1282 1284 1285 1283)
4(1284 1286 1287 1285)
4(1286 1288 1289 1287)
4(1288 1290 1291 1289)
4(1290 1292 1293 1291)
4(1292 1294 1295 1293)
4(1294 1296 1297 1295)
4(1296 1298 1299 1297)
4(1298 1300 1301 1299)
4(1302 1304 1305 1303)
4(1304 1306 1307 1305)
4(1306 1308 1309 1307)
4(1308 1310 1311 1309)
4(1310 1312 1313 1311)
4(1312 1314 1315 1313)
4(1314 1316 1317 1315)
4(1316 1318 1319 1317)
4(1318 1320 1321 1319)
4(1320 1322 1323 1321)
4(1322 1324 1325 1323)
4(1324 1326 1327 1325)
4(1326 1328 1329 1327)
4(1328 1330 1331 1329)
4(1330 1332 1333 1331)
4(1332 1334 1335 1333)
4(1334 1336 1337 1335)
4(1336 1338 1339 1337)
4(1338 1340 1341 1339)
4(1340 1342 1343 1341)
4(1344 1346 1347 1345)
4(1346 1348 1349 1347)
4(1348 1350 1351 1349)
4(1350 1352 1353 1351)
4(1352 1354 1355 1353)
4(1354 1356 1357 1355)
4(1356 1358 1359 1357)
4(1358 1360 1361 1359)
4(1360 1362 1363 1361)
4(1362 1364 1365 1363)
4(1364 1366 1367 1365)
4(1366 1368 1369 1367)
4(1368 1370 1371 1369)
4(1370 1372 1373 1371)
4(1372 1374 1375 1373)
4(1374 1376 1377 1375)
4(1376 1378 1379 1377)
4(1378 1380 1381 1379)
4(1380 1382 1383 1381)
4(1382 1384 1385 1383)
4(1386 1388 1389 1387)
4(1388 1390 1391 1389)
4(1390 1392 1393 1391)
4(1392 1394 1395 1393)
4(1394 1396 1397 1395)
4(1396 1398 1399 1397)
4(1398 1400 1401 1399)
4(1400 1402 1403 1401)
4(1402 1404 1405 1403)
4(1404 1406 1407 1405)
4(1406 1408 1409 1407)
4(1408 1410 1411 1409)
4(1410 1412 1413 1411)
4(1412 1414 1415 1413)
4(1414 1416 1417 1415)
4(1416 1418 1419 1417)
4(1418 1420 1421 1419)
4(1420 1422 1423 1421)
4(1422 1424 1425 1423)
4(1424 1426 1427 1425)
4(1428 1430 1431 1429)
4(1430 1432 1433 1431)
4(1432 1434 1435 1433)
4(1434 1436 1437 1435)
4(1436 1438 1439 1437)
4(1438 1440 1441 1439)
4(1440 1442 1443 1441)
4(1442 1444 1445 1443)
4(1444 1446 1447 1445)
4(1446 1448 1449 1447)
4(1448 1450 1451 1449)
4(1450 1452 1453 1451)
4(1452 1454 1455 1453)
4(1454 1456 1457 1455)
4(1456 1458 1459 1457)
4(1458 1460 1461 1459)
4(1460 1462 1463 1461)
4(1462 1464 1465 1463)
4(1464 1466 1467 1465)
4(1466 1468 1469 1467)
4(1470 1472 1473 1471)
4(1472 1474 1475 1473)
4(1474 1476 1477 1475)
4(1476 1478 1479 1477)
4(1478 1480 1481 1479)
4(1480 1482 1483 1481)
4(1482 1484 1485 1483)
4(1484 1486 1487 1485)
4(1486 1488 1489 1487)
4(1488 1490 1491 1489)
4(1490 1492 1493 1491)
4(1492 1494 1495 1493)
4(1494 1496 1497 1495)
4(1496 1498 1499 1497)
4(1498 1500 1501 1499)
4(1500 1502 1503 1501)
4(1502 1504 1505 1503)
4(1504 1506 1507 1505)
4(1506 1508 1509 1507)
4(1508 1510 1511 1509)
4(1512 1514 1515 1513)
4(1514 1516 1517 1515)
4(1516 1518 1519 1517)
4(1518 1520 1521 1519)
4(1520 1522 1523 1521)
4(1522 1524 1525 1523)
4(1524 1526 1527 1525)
4(1526 1528 1529 1527)
4(1528 1530 1531 1529)
4(1530 1532 1533 1531)
4(1532 1534 1535 1533)
4(1534 1536 1537 1535)
4(1536 1538 1539 1537)
4(1538 1540 1541 1539)
4(1540 1542 1543 1541)
4(1542 1544 1545 1543)
4(1544 1546 1547 1545)
4(1546 1548 1549 1547)
4(1548 1550 1551 1549)
4(1550 1552 1553 1551)
4(1554 1556 1557 1555)
4(1556 1558 1559 1557)
4(1558 1560 1561 1559)
4(1560 1562 1563 1561)
4(1562 1564 1565 1563)
4(1564 1566 1567 1565)
4(1566 1568 1569 1567)
4(1568 1570 1571 1569)
4(1570 1572 1573 1571)
4(1572 1574 1575 1573)
4(1574 1576 1577 1575)
4(1576 1578 1579 1577)
4(1578 1580 1581 1579)
4(1580 1582 1583 1581)
4(1582 1584 1585 1583)
4(1584 1586 1587 1585)
4(1586 1588 1589 1587)
4(1588 1590 1591 1589)
4(1590 1592 1593 1591)
4(1592 1594 1595 1593)
4(1596 1598 1599 1597)
4(1598 1600 1601 1599)
4(1600 1602 1603 1601)
4(1602 1604 1605 1603)
4(1604 1606 1607 1605)
4(1606 1608 1609 1607)
4(1608 1610 1611 1609)
4(1610 1612 1613 1611)
4(1612 1614 1615 1613)
4(1614 1616 1617 1615)
4(1616 1618 1619 1617)
4(1618 1620 1621 1619)
4(1620 1622 1623 1621)
4(1622 1624 1625 1623)
4(1624 1626 1627 1625)
4(1626 1628 1629 1627)
4(1628 1630 1631 1629)
4(1630 1632 1633 1631)
4(1632 1634 1635 1633)
4(1634 1636 1637 1635)
4(1638 1640 1641 1639)
4(1640 1642 1643 1641)
4(1642 1644 1645 1643)
4(1644 1646 1647 1645)
4(1646 1648 1649 1647)
4(1648 1650 1651 1649)
4(1650 1652 1653 1651)
4(1652 1654 1655 1653)
4(1654 1656 1657 1655)
4(1656 1658 1659 1657)
4(1658 1660 1661 1659)
4(1660 1662 1663 1661)
4(1662 1664 1665 1663)
4(1664 1666 1667 1665)
4(1666 1668 1669 1667)
4(1668 1670 1671 1669)
4(1670 1672 1673 1671)
4(1672 1674 1675 1673)
4(1674 1676 1677 1675)
4(1676 1678 1679 1677)
4(1680 1682 1683 1681)
4(1682 1684 1685 1683)
4(1684 1686 1687 1685)
4(1686 1688 1689 1687)
4(1688 1690 1691 1689)
4(1690 1692 1693 1691)
4(1692 1694 1695 1693)
4(1694 1696 1697 1695)
4(1696 1698 1699 1697)
4(1698 1700 1701 1699)
4(1700 1702 1703 1701)
4(1702 1704 1705 1703)
4(1704 1706 1707 1705)
4(1706 1708 1709 1707)
4(1708 1710 1711 1709)
4(1710 1712 1713 1711)
4(1712 1714 1715 1713)
4(1714 1716 1717 1715)
4(1716 1718 1719 1717)
4(1718 1720 1721 1719)
4(1722 1724 1725 1723)
4(1724 1726 1727 1725)
4(1726 1728 1729 1727)
4(1728 1730 1731 1729)
4(1730 1732 1733 1731)
4(1732 1734 1735 1733)
4(1734 1736 1737 1735)
4(1736 1738 1739 1737)
4(1738 1740 1741 1739)
4(1740 1742 1743 1741)
4(1742 1744 1745 1743)
4(1744 1746 1747 1745)
4(1746 1748 1749 1747)
4(1748 1750 1751 1749)
4(1750 1752 1753 1751)
4(1752 1754 1755 1753)
4(1754 1756 1757 1755)
4(1756 1758 1759 1757)
4(1758 1760 1761 1759)
4(1760 1762 1763 1761)
4(1764 1766 1767 1765)
4(1766 1768 1769 1767)
4(1768 1770 1771 1769)
4(1770 1772 1773 1771)
4(1772 1774 1775 1773)
4(1774 1776 1777 1775)
4(1776 1778 1779 1777)
4(1778 1780 1781 1779)
4(1780 1782 1783 1781)
4(1782 1784 1785 1783)
4(1784 1786 1787 1785)
4(1786 1788 1789 1787)
4(1788 1790 1791 1789)
4(1790 1792 1793 1791)
4(1792 1794 1795 1793)
4(1794 1796 1797 1795)
4(1796 1798 1799 1797)
4(1798 1800 1801 1799)
4(1800 1802 1803 1801)
4(1802 1804 1805 1803)
4(1806 1808 1809 1807)
4(1808 1810 1811 1809)
4(1810 1812 1813 1811)
4(1812 1814 1815 1813)
4(1814 1816 1817 1815)
4(1816 1818 1819 1817)
4(1818 1820 1821 1819)
4(1820 1822 1823 1821)
4(1822 1824 1825 1823)
4(1824 1826 1827 1825)
4(1826 1828 1829 1827)
4(1828 1830 1831 1829)
4(1830 1832 1833 1831)
4(1832 1834 1835 1833)
4(1834 1836 1837 1835)
4(1836 1838 1839 1837)
4(1838 1840 1841 1839)
4(1840 1842 1843 1841)
4(1842 1844 1845 1843)
4(1844 1846 1847 1845)
4(1848 1850 1851 1849)
4(1850 1852 1853 1851)
4(1852 1854 1855 1853)
4(1854 1856 1857 1855)
4(1856 1858 1859 1857)
4(1858 1860 1861 1859)
4(1860 1862 1863 1861)
4(1862 1864 1865 1863)
4(1864 1866 1867 1865)
4(1866 1868 1869 1867)
4(1868 1870 1871 1869)
4(1870 1872 1873 1871)
4(1872 1874 1875 1873)
4(1874 1876 1877 1875)
4(1876 1878 1879 1877)
4(1878 1880 1881 1879)
4(1880 1882 1883 1881)
4(1882 1884 1885 1883)
4(1884 1886 1887 1885)
4(1886 1888 1889 1887)
4(1890 1892 1893 1891)
4(1892 1894 1895 1893)
4(1894 1896 1897 1895)
4(1896 1898 1899 1897)
4(1898 1900 1901 1899)
4(1900 1902 1903 1901)
4(1902 1904 1905 1903)
4(1904 1906 1907 1905)
4(1906 1908 1909 1907)
4(1908 1910 1911 1909)
4(1910 1912 1913 1911)
4(1912 1914 1915 1913)
4(1914 1916 1917 1915)
4(1916 1918 1919 1917)
4(1918 1920 1921 1919)
4(1920 1922 1923 1921)
4(1922 1924 1925 1923)
4(1924 1926 1927 1925)
4(1926 1928 1929 1927)
4(1928 1930 1931 1929)
4(1932 1934 1935 1933)
4(1934 1936 1937 1935)
4(1936 1938 1939 1937)
4(1938 1940 1941 1939)
4(1940 1942 1943 1941)
4(1942 1944 1945 1943)
4(1944 1946 1947 1945)
4(1946 1948 1949 1947)
4(1948 1950 1951 1949)
4(1950 1952 1953 1951)
4(1952 1954 1955 1953)
4(1954 1956 1957 1955)
4(1956 1958 1959 1957)
4(1958 1960 1961 1959)
4(1960 1962 1963 1961)
4(1962 1964 1965 1963)
4(1964 1966 1967 1965)
4(1966 1968 1969 1967)
4(1968 1970 1971 1969)
4(1970 1972 1973 1971)
4(1974 1976 1977 1975)
4(1976 1978 1979 1977)
4(1978 1980 1981 1979)
4(1980 1982 1983 1981)
4(1982 1984 1985 1983)
4(1984 1986 1987 1985)
4(1986 1988 1989 1987)
4(1988 1990 1991 1989)
4(1990 1992 1993 1991)
4(1992 1994 1995 1993)
4(1994 1996 1997 1995)
4(1996 1998 1999 1997)
4(1998 2000 2001 1999)
4(2000 2002 2003 2001)
4(2002 2004 2005 2003)
4(2004 2006 2007 2005)
4(2006 2008 2009 2007)
4(2008 2010 2011 2009)
4(2010 2012 2013 2011)
4(2012 2014 2015 2013)
4(2016 2018 2019 2017)
4(2018 2020 2021 2019)
4(2020 2022 2023 2021)
4(2022 2024 2025 2023)
4(2024 2026 2027 2025)
4(2026 2028 2029 2027)
4(2028 2030 2031 2029)
4(2030 2032 2033 2031)
4(2032 2034 2035 2033)
4(2034 2036 2037 2035)
4(2036 2038 2039 2037)
4(2038 2040 2041 2039)
4(2040 2042 2043 2041)
4(2042 2044 2045 2043)
4(2044 2046 2047 2045)
4(2046 2048 2049 2047)
4(2048 2050 2051 2049)
4(2050 2052 2053 2051)
4(2052 2054 2055 2053)
4(2054 2056 2057 2055)
4(2058 2060 2061 2059)
4(2060 2062 2063 2061)
4(2062 2064 2065 2063)
4(2064 2066 2067 2065)
4(2066 2068 2069 2067)
4(2068 2070 2071 2069)
4(2070 2072 2073 2071)
4(2072 2074 2075 2073)
4(2074 2076 2077 2075)
4(2076 2078 2079 2077)
4(2078 2080 2081 2079)
4(2080 2082 2083 2081)
4(2082 2084 2085 2083)
4(2084 2086 2087 2085)
4(2086 2088 2089 2087)
4(2088 2090 2091 2089)
4(2090 2092 2093 2091)
4(2092 2094 2095 2093)
4(2094 2096 2097 2095)
4(2096 2098 2099 2097)
4(2100 2102 2103 2101)
4(2102 2104 2105 2103)
4(2104 2106 2107 2105)
4(2106 2108 2109 2107)
4(2108 2110 2111 2109)
4(2110 2112 2113 2111)
4(2112 2114 2115 2113)
4(2114 2116 2117 2115)
4(2116 2118 2119 2117)
4(2118 2120 2121 2119)
4(2120 2122 2123 2121)
4(2122 2124 2125 2123)
4(2124 2126 2127 2125)
4(2126 2128 2129 2127)
4(2128 2130 2131 2129)
4(2130 2132 2133 2131)
4(2132 2134 2135 2133)
4(2134 2136 2137 2135)
4(2136 2138 2139 2137)
4(2138 2140 2141 2139)
4(2142 2144 2145 2143)
4(2144 2146 2147 2145)
4(2146 2148 2149 2147)
4(2148 2150 2151 2149)
4(2150 2152 2153 2151)
4(2152 2154 2155 2153)
4(2154 2156 2157 2155)
4(2156 2158 2159 2157)
4(2158 2160 2161 2159)
4(2160 2162 2163 2161)
4(2162 2164 2165 2163)
4(2164 2166 2167 2165)
4(2166 2168 2169 2167)
4(2168 2170 2171 2169)
4(2170 2172 2173 2171)
4(2172 2174 2175 2173)
4(2174 2176 2177 2175)
4(2176 2178 2179 2177)
4(2178 2180 2181 2179)
4(2180 2182 2183 2181)
4(2184 2186 2187 2185)
4(2186 2188 2189 2187)
4(2188 2190 2191 2189)
4(2190 2192 2193 2191)
4(2192 2194 2195 2193)
4(2194 2196 2197 2195)
4(2196 2198 2199 2197)
4(2198 2200 2201 2199)
4(2200 2202 2203 2201)
4(2202 2204 2205 2203)
4(2204 2206 2207 2205)
4(2206 2208 2209 2207)
4(2208 2210 2211 2209)
4(2210 2212 2213 2211)
4(2212 2214 2215 2213)
4(2214 2216 2217 2215)
4(2216 2218 2219 2217)
4(2218 2220 2221 2219)
4(2220 2222 2223 2221)
4(2222 2224 2225 2223)
4(2226 2228 2229 2227)
4(2228 2230 2231 2229)
4(2230 2232 2233 2231)
4(2232 2234 2235 2233)
4(2234 2236 2237 2235)
4(2236 2238 2239 2237)
4(2238 2240 2241 2239)
4(2240 2242 2243 2241)
4(2242 2244 2245 2243)
4(2244 2246 2247 2245)
4(2246 2248 2249 2247)
4(2248 2250 2251 2249)
4(2250 2252 2253 2251)
4(2252 2254 2255 2253)
4(2254 2256 2257 2255)
4(2256 2258 2259 2257)
4(2258 2260 2261 2259)
4(2260 2262 2263 2261)
4(2262 2264 2265 2263)
4(2264 2266 2267 2265)
4(2268 2270 2271 2269)
4(2270 2272 2273 2271)
4(2272 2274 2275 2273)
4(2274 2276 2277 2275)
4(2276 2278 2279 2277)
4(2278 2280 2281 2279)
4(2280 2282 2283 2281)
4(2282 2284 2285 2283)
4(2284 2286 2287 2285)
4(2286 2288 2289 2287)
4(2288 2290 2291 2289)
4(2290 2292 2293 2291)
4(2292 2294 2295 2293)
4(2294 2296 2297 2295)
4(2296 2298 2299 2297)
4(2298 2300 2301 2299)
4(2300 2302 2303 2301)
4(2302 2304 2305 2303)
4(2304 2306 2307 2305)
4(2306 2308 2309 2307)
4(2310 2312 2313 2311)
4(2312 2314 2315 2313)
4(2314 2316 2317 2315)
4(2316 2318 2319 2317)
4(2318 2320 2321 2319)
4(2320 2322 2323 2321)
4(2322 2324 2325 2323)
4(2324 2326 2327 2325)
4(2326 2328 2329 2327)
4(2328 2330 2331 2329)
4(2330 2332 2333 2331)
4(2332 2334 2335 2333)
4(2334 2336 2337 2335)
4(2336 2338 2339 2337)
4(2338 2340 2341 2339)
4(2340 2342 2343 2341)
4(2342 2344 2345 2343)
4(2344 2346 2347 2345)
4(2346 2348 2349 2347)
4(2348 2350 2351 2349)
4(2352 2354 2355 2353)
4(2354 2356 2357 2355)
4(2356 2358 2359 2357)
4(2358 2360 2361 2359)
4(2360 2362 2363 2361)
4(2362 2364 2365 2363)
4(2364 2366 2367 2365)
4(2366 2368 2369 2367)
4(2368 2370 2371 2369)
4(2370 2372 2373 2371)
4(2372 2374 2375 2373)
4(2374 2376 2377 2375)
4(2376 2378 2379 2377)
4(2378 2380 2381 2379)
4(2380 2382 2383 2381)
4(2382 2384 2385 2383)
4(2384 2386 2387 2385)
4(2386 2388 2389 2387)
4(2388 2390 2391 2389)
4(2390 2392 2393 2391)
4(2394 2396 2397 2395)
4(2396 2398 2399 2397)
4(2398 2400 2401 2399)
4(2400 2402 2403 2401)
4(2402 2404 2405 2403)
4(2404 2406 2407 2405)
4(2406 2408 2409 2407)
4(2408 2410 2411 2409)
4(2410 2412 2413 2411)
4(2412 2414 2415 2413)
4(2414 2416 2417 2415)
4(2416 2418 2419 2417)
4(2418 2420 2421 2419)
4(2420 2422 2423 2421)
4(2422 2424 2425 2423)
4(2424 2426 2427 2425)
4(2426 2428 2429 2427)
4(2428 2430 2431 2429)
4(2430 2432 2433 2431)
4(2432 2434 2435 2433)
4(2436 2438 2439 2437)
4(2438 2440 2441 2439)
4(2440 2442 2443 2441)
4(2442 2444 2445 2443)
4(2444 2446 2447 2445)
4(2446 2448 2449 2447)
4(2448 2450 2451 2449)
4(2450 2452 2453 2451)
4(2452 2454 2455 2453)
4(2454 2456 2457 2455)
4(2456 2458 2459 2457)
4(2458 2460 2461 2459)
4(2460 2462 2463 2461)
4(2462 2464 2465 2463)
4(2464 2466 2467 2465)
4(2466 2468 2469 2467)
4(2468 2470 2471 2469)
4(2470 2472 2473 2471)
4(2472 2474 2475 2473)
4(2474 2476 2477 2475)
4(2478 2480 2481 2479)
4(2480 2482 2483 2481)
4(2482 2484 2485 2483)
4(2484 2486 2487 2485)
4(2486 2488 2489 2487)
4(2488 2490 2491 2489)
4(2490 2492 2493 2491)
4(2492 2494 2495 2493)
4(2494 2496 2497 2495)
4(2496 2498 2499 2497)
4(2498 2500 2501 2499)
4(2500 2502 2503 2501)
4(2502 2504 2505 2503)
4(2504 2506 2507 2505)
4(2506 2508 2509 2507)
4(2508 2510 2511 2509)
4(2510 2512 2513 2511)
4(2512 2514 2515 2513)
4(2514 2516 2517 2515)
4(2516 2518 2519 2517)
4(2 3 45 44)
4(44 45 87 86)
4(86 87 129 128)
4(128 129 171 170)
4(170 171 213 212)
4(212 213 255 254)
4(254 255 297 296)
4(296 297 339 338)
4(338 339 381 380)
4(380 381 423 422)
4(422 423 465 464)
4(464 465 507 506)
4(506 507 549 548)
4(548 549 591 590)
4(590 591 633 632)
4(632 633 675 674)
4(674 675 717 716)
4(716 717 759 758)
4(758 759 801 800)
4(800 801 843 842)
4(842 843 885 884)
4(884 885 927 926)
4(926 927 969 968)
4(968 969 1011 1010)
4(1010 1011 1053 1052)
4(1052 1053 1095 1094)
4(1094 1095 1137 1136)
4(1136 1137 1179 1178)
4(1178 1179 1221 1220)
4(1220 1221 1263 1262)
4(1262 1263 1305 1304)
4(1304 1305 1347 1346)
4(1346 1347 1389 1388)
4(1388 1389 1431 1430)
4(1430 1431 1473 1472)
4(1472 1473 1515 1514)
4(1514 1515 1557 1556)
4(1556 1557 1599 1598)
4(1598 1599 1641 1640)
4(1640 1641 1683 1682)
4(1682 1683 1725 1724)
4(1724 1725 1767 1766)
4(1766 1767 1809 1808)
4(1808 1809 1851 1850)
4(1850 1851 1893 1892)
4(1892 1893 1935 1934)
4(1934 1935 1977 1976)
4(1976 1977 2019 2018)
4(2018 2019 2061 2060)
4(2060 2061 2103 2102)
4(2102 2103 2145 2144)
4(2144 2145 2187 2186)
4(2186 2187 2229 2228)
4(2228 2229 2271 2270)
4(2270 2271 2313 2312)
4(2312 2313 2355 2354)
4(2354 2355 2397 2396)
4(2396 2397 2439 2438)
4(2438 2439 2481 2480)
4(2480 2481 2523 2522)
4(4 5 47 46)
4(46 47 89 88)
4(88 89 131 130)
4(130 131 173 172)
4(172 173 215 214)
4(214 215 257 256)
4(256 257 299 298)
4(298 299 341 340)
4(340 341 383 382)
4(382 383 425 424)
4(424 425 467 466)
4(466 467 509 508)
4(508 509 551 550)
4(550 551 593 592)
4(592 593 635 634)
4(634 635 677 676)
4(676 677 719 718)
4(718 719 761 760)
4(760 761 803 802)
4(802 803 845 844)
4(844 845 887 886)
4(886 887 929 928)
4(928 929 971 970)
4(970 971 1013 1012)
4(1012 1013 1055 1054)
4(1054 1055 1097 1096)
4(1096 1097 1139 1138)
4(1138 1139 1181 1180)
4(1180 1181 1223 1222)
4(1222 1223 1265 1264)
4(1264 1265 1307 1306)
4(1306 1307 1349 1348)
4(1348 1349 1391 1390)
4(1390 1391 1433 1432)
4(1432 1433 1475 1474)
4(1474 1475 1517 1516)
4(1516 1517 1559 1558)
4(1558 1559 1601 1600)
4(1600 1601 1643 1642)
4(1642 1643 1685 1684)
4(1684 1685 1727 1726)
4(1726 1727 1769 1768)
4(1768 1769 1811 1810)
4(1810 1811 1853 1852)
4(1852 1853 1895 1894)
4(1894 1895 1937 1936)
4(1936 1937 1979 1978)
4(1978 1979 2021 2020)
4(2020 2021 2063 2062)
4(2062 2063 2105 2104)
4(2104 2105 2147 2146)
4(2146 2147 2189 2188)
4(2188 2189 2231 2230)
4(2230 2231 2273 2272)
4(2272 2273 2315 2314)
4(2314 2315 2357 2356)
4(2356 2357 2399 2398)
4(2398 2399 2441 2440)
4(2440 2441 2483 2482)
4(2482 2483 2525 2524)
4(6 7 49 48)
4(48 49 91 90)
4(90 91 133 132)
4(132 133 175 174)
4(174 175 217 216)
4(216 217 259 258)
4(258 259 301 300)
4(300 301 343 342)
4(342 343 385 384)
4(384 385 427 426)
4(426 427 469 468)
4(468 469 511 510)
4(510 511 553 552)
4(552 553 595 594)
4(594 595 637 636)
4(636 637 679 678)
4(678 679 721 720)
4(720 721 763 762)
4(762 763 805 804)
4(804 805 847 846)
4(846 847 889 888)
4(888 889 931 930)
4(930 931 973 972)
4(972 973 1015 1014)
4(1014 1015 1057 1056)
4(1056 1057 1099 1098)
4(1098 1099 1141 1140)
4(1140 1141 1183 1182)
4(1182 1183 1225 1224)
4(1224 1225 1267 1266)
4(1266 1267 1309 1308)
4(1308 1309 1351 1350)
4(1350 1351 1393 1392)
4(1392 1393 1435 1434)
4(1434 1435 1477 1476)
4(1476 1477 1519 1518)
4(1518 1519 1561 1560)
4(1560 1561 1603 1602)
4(1602 1603 1645 1644)
4(1644 1645 1687 1686)
4(1686 1687 1729 1728)
4(1728 1729 1771 1770)
4(1770 1771 1813 1812)
4(1812 1813 1855 1854)
4(1854 1855 1897 1896)
4(1896 1897 1939 1938)
4(1938 1939 1981 1980)
4(1980 1981 2023 2022)
4(2022 2023 2065 2064)
4(2064 2065 2107 2106)
4(2106 2107 2149 2148)
4(2148 2149 2191 2190)
4(2190 2191 2233 2232)
4(2232 2233 2275 2274)
4(2274 2275 2317 2316)
4(2316 2317 2359 2358)
4(2358 2359 2401 2400)
4(2400 2401 2443 2442)
4(2442 2443 2485 2484)
4(2484 2485 2527 2526)
4(8 9 51 50)
4(50 51 93 92)
4(92 93 135 134)
4(134 135 177 176)
4(176 177 219 218)
4(218 219 261 260)
4(260 261 303 302)
4(302 303 345 344)
4(344 345 387 386)
4(386 387 429 428)
4(428 429 471 470)
4(470 471 513 512)
4(512 513 555 554)
4(554 555 597 596)
4(596 597 639 638)
4(638 639 681 680)
4(680 681 723 722)
4(722 723 765 764)
4(764 765 807 806)
4(806 807 849 848)
4(848 849 891 890)
4(890 891 933 932)
4(932 933 975 974)
4(974 975 1017 1016)
4(1016 1017 1059 1058)
4(1058 1059 1101 1100)
4(1100 1101 1143 1142)
4(1142 1143 1185 1184)
4(1184 1185 1227 1226)
4(1226 1227 1269 1268)
4(1268 1269 1311 1310)
4(1310 1311 1353 1352)
4(1352 1353 1395 1394)
4(1394 1395 1437 1436)
4(1436 1437 1479 1478)
4(1478 1479 1521 1520)
4(1520 1521 1563 1562)
4(1562 1563 1605 1604)
4(1604 1605 1647 1646)
4(1646 1647 1689 1688)
4(1688 1689 1731 1730)
4(1730 1731 1773 1772)
4(1772 1773 1815 1814)
4(1814 1815 1857 1856)
4(1856 1857 1899 1898)
4(1898 1899 1941 1940)
4(1940 1941 1983 1982)
4(1982 1983 2025 2024)
4(2024 2025 2067 2066)
4(2066 2067 2109 2108)
4(2108 2109 2151 2150)
4(2150 2151 2193 2192)
4(2192 2193 2235 2234)
4(2234 2235 2277 2276)
4(2276 2277 2319 2318)
4(2318 2319 2361 2360)
4(2360 2361 2403 2402)
4(2402 2403 2445 2444)
4(2444 2445 2487 2486)
4(2486 2487 2529 2528)
4(10 11 53 52)
4(52 53 95 94)
4(94 95 137 136)
4(136 137 179 178)
4(178 179 221 220)
4(220 221 263 262)
4(262 263 305 304)
4(304 305 347 346)
4(346 347 389 388)
4(388 389 431 430)
4(430 431 473 472)
4(472 473 515 514)
4(514 515 557 556)
4(556 557 599 598)
4(598 599 641 640)
4(640 641 683 682)
4(682 683 725 724)
4(724 725 767 766)
4(766 767 809 808)
4(808 809 851 850)
4(850 851 893 892)
4(892 893 935 934)
4(934 935 977 976)
4(976 977 1019 1018)
4(1018 1019 1061 1060)
4(1060 1061 1103 1102)
4(1102 1103 1145 1144)
4(1144 1145 1187 1186)
4(1186 1187 1229 1228)
4(1228 1229 1271 1270)
4(1270 1271 1313 1312)
4(1312 1313 1355 1354)
4(1354 1355 1397 1396)
4(1396 1397 1439 1438)
4(1438 1439 1481 1480)
4(1480 1481 1523 1522)
4(1522 1523 1565 1564)
4(1564 1565 1607 1606)
4(1606 1607 1649 1648)
4(1648 1649 1691 1690)
4(1690 1691 1733 1732)
4(1732 1733 1775 1774)
4(1774 1775 1817 1816)
4(1816 1817 1859 1858)
4(1858 1859 1901 1900)
4(1900 1901 1943 1942)
4(1942 1943 1985 1984)
4(1984 1985 2027 2026)
4(2026 2027 2069 2068)
4(2068 2069 2111 2110)
4(2110 2111 2153 2152)
4(2152 2153 2195 2194)
4(2194 2195 2237 2236)
4(2236 2237 2279 2278)
4(2278 2279 2321 2320)
4(2320 2321 2363 2362)
4(2362 2363 2405 2404)
4(2404 2405 2447 2446)
4(2446 2447 2489 2488)
4(2488 2489 2531 2530)
4(12 13 55 54)
4(54 55 97 96)
4(96 97 139 138)
4(138 139 181 180)
4(180 181 223 222)
4(222 223 265 264)
4(264 265 307 306)
4(306 307 349 348)
4(348 349 391 390)
4(390 391 433 432)
4(432 433 475 474)
4(474 475 517 516)
4(516 517 559 558)
4(558 559 601 600)
4(600 601 643 642)
4(642 643 685 684)
4(684 685 727 726)
4(726 727 769 768)
4(768 769 811 810)
4(810 811 853 852)
4(852 853 895 894)
4(894 895 937 936)
4(936 937 979 978)
4(978 979 1021 1020)
4(1020 1021 1063 1062)
4(1062 1063 1105 1104)
4(1104 1105 1147 1146)
4(1146 1147 1189 1188)
4(1188 1189 1231 1230)
4(1230 1231 1273 1272)
4(1272 1273 1315 1314)
4(1314 1315 1357 1356)
4(1356 1357 1399 1398)
4(1398 1399 1441 1440)
4(1440 1441 1483 1482)
4(1482 1483 1525 1524)
4(1524 1525 1567 1566)
4(1566 1567 1609 1608)
4(1608 1609 1651 1650)
4(1650 1651 1693 1692)
4(1692 1693 1735 1734)
4(1734 1735 1777 1776)
4(1776 1777 1819 1818)
4(1818 1819 1861 1860)
4(1860 1861 1903 1902)
4(1902 1903 1945 1944)
4(1944 1945 1987 1986)
4(1986 1987 2029 2028)
4(2028 2029 2071 2070)
4(2070 2071 2113 2112)
4(2112 2113 2155 2154)
4(2154 2155 2197 2196)
4(2196 2197 2239 2238)
4(2238 2239 2281 2280)
4(2280 2281 2323 2322)
4(2322 2323 2365 2364)
4(2364 2365 2407 2406)
4(2406 2407 2449 2448)
4(2448 2449 2491 2490)
4(2490 2491 2533 2532)
4(14 15 57 56)
4(56 57 99 98)
4(98 99 141 140)
4(140 141 183 182)
4(182 183 225 224)
4(224 225 267 266)
4(266 267 309 308)
4(308 309 351 350)
4(350 351 393 392)
4(392 393 435 434)
4(434 435 477 476)
4(476 477 519 518)
4(518 519 561 560)
4(560 561 603 602)
4(602 603 645 644)
4(644 645 687 686)
4(686 687 729 728)
4(728 729 771 770)
4(770 771 813 812)
4(812 813 855 854)
4(854 855 897 896)
4(896 897 939 938)
4(938 939 981 980)
4(980 981 1023 1022)
4(1022 1023 1065 1064)
4(1064 1065 1107 1106)
4(1106 1107 1149 1148)
4(1148 1149 1191 1190)
4(1190 1191 1233 1232)
4(1232 1233 1275 1274)
4(1274 1275 1317 1316)
4(1316 1317 1359 1358)
4(1358 1359 1401 1400)
4(1400 1401 1443 1442)
4(1442 1443 1485 1484)
4(1484 1485 1527 1526)
4(1526 1527 1569 1568)
4(1568 1569 1611 1610)
4(1610 1611 1653 1652)
4(1652 1653 1695 1694)
4(1694 1695 1737 1736)
4(1736 1737 1779 1778)
4(1778 1779 1821 1820)
4(1820 1821 1863 1862)
4(1862 1863 1905 1904)
4(1904 1905 1947 1946)
4(1946 1947 1989 1988)
4(1988 1989 2031 2030)
4(2030 2031 2073 2072)
4(2072 2073 2115 2114)
4(2114 2115 2157 2156)
4(2156 2157 2199 2198)
4(2198 2199 2241 2240)
4(2240 2241 2283 2282)
4(2282 2283 2325 2324)
4(2324 2325 2367 2366)
4(2366 2367 2409 2408)
4(2408 2409 2451 2450)
4(2450 2451 2493 2492)
4(2492 2493 2535 2534)
4(16 17 59 58)
4(58 59 101 100)
4(100 101 143 142)
4(142 143 185 184)
4(184 185 227 226)
4(226 227 269 268)
4(268 269 311 310)
4(310 311 353 352)
4(352 353 395 394)
4(394 395 437 436)
4(436 437 479 478)
4(478 479 521 520)
4(520 521 563 562)
4(562 563 605 604)
4(604 605 647 646)
4(646 647 689 688)
4(688 689 731 730)
4(730 731 773 772)
4(772 773 815 814)
4(814 815 857 856)
4(856 857 899 898)
4(898 899 941 940)
4(940 941 983 982)
4(982 983 1025 1024)
4(1024 1025 1067 1066)
4(1066 1067 1109 1108)
4(1108 1109 1151 1150)
4(1150 1151 1193 1192)
4(1192 1193 1235 1234)
4(1234 1235 1277 1276)
4(1276 1277 1319 1318)
4(1318 1319 1361 1360)
4(1360 1361 1403 1402)
4(1402 1403 1445 1444)
4(1444 1445 1487 1486)
4(1486 1487 1529 1528)
4(1528 1529 1571 1570)
4(1570 1571 1613 1612)
4(1612 1613 1655 1654)
4(1654 1655 1697 1696)
4(1696 1697 1739 1738)
4(1738 1739 1781 1780)
4(1780 1781 1823 1822)
4(1822 1823 1865 1864)
4(1864 1865 1907 1906)
4(1906 1907 1949 1948)
4(1948 1949 1991 1990)
4(1990 1991 2033 2032)
4(2032 2033 2075 2074)
4(2074 2075 2117 2116)
4(2116 2117 2159 2158)
4(2158 2159 2201 2200)
4(2200 2201 2243 2242)
4(2242 2243 2285 2284)
4(2284 2285 2327 2326)
4(2326 2327 2369 2368)
4(2368 2369 2411 2410)
4(2410 2411 2453 2452)
4(2452 2453 2495 2494)
4(2494 2495 2537 2536)
4(18 19 61 60)
4(60 61 103 102)
4(102 103 145 144)
4(144 145 187 186)
4(186 187 229 228)
4(228 229 271 270)
4(270 271 313 312)
4(312 313 355 354)
4(354 355 397 396)
4(396 397 439 438)
4(438 439 481 480)
4(480 481 523 522)
4(522 523 565 564)
4(564 565 607 606)
4(606 607 649 648)
4(648 649 691 690)
4(690 691 733 732)
4(732 733 775 774)
4(774 775 817 816)
4(816 817 859 858)
4(858 859 901 900)
4(900 901 943 942)
4(942 943 985 984)
4(984 985 1027 1026)
4(1026 1027 1069 1068)
4(1068 1069 1111 1110)
4(1110 1111 1153 1152)
4(1152 1153 1195 1194)
4(1194 1195 1237 1236)
4(1236 1237 1279 1278)
4(1278 1279 1321 1320)
4(1320 1321 1363 1362)
4(1362 1363 1405 1404)
4(1404 1405 1447 1446)
4(1446 1447 1489 1488)
4(1488 1489 1531 1530)
4(1530 1531 1573 1572)
4(1572 1573 1615 1614)
4(1614 1615 1657 1656)
4(1656 1657 1699 1698)
4(1698 1699 1741 1740)
4(1740 1741 1783 1782)
4(1782 1783 1825 1824)
4(1824 1825 1867 1866)
4(1866 1867 1909 1908)
4(1908 1909 1951 1950)
4(1950 1951 1993 1992)
4(1992 1993 2035 2034)
4(2034 2035 2077 2076)
4(2076 2077 2119 2118)
4(2118 2119 2161 2160)
4(2160 2161 2203 2202)
4(2202 2203 2245 2244)
4(2244 2245 2287 2286)
4(2286 2287 2329 2328)
4(2328 2329 2371 2370)
4(2370 2371 2413 2412)
4(2412 2413 2455 2454)
4(2454 2455 2497 2496)
4(2496 2497 2539 2538)
4(20 21 63 62)
4(62 63 105 104)
4(104 105 147 146)
4(146 147 189 188)
4(188 189 231 230)
4(230 231 273 272)
4(272 273 315 314)
4(314 315 357 356)
4(356 357 399 398)
4(398 399 441 440)
4(440 441 483 482)
4(482 483 525 524)
4(524 525 567 566)
4(566 567 609 608)
4(608 609 651 650)
4(650 651 693 692)
4(692 693 735 734)
4(734 735 777 776)
4(776 777 819 818)
4(818 819 861 860)
4(860 861 903 902)
4(902 903 945 944)
4(944 945 987 986)
4(986 987 1029 1028)
4(1028 1029 1071 1070)
4(1070 1071 1113 1112)
4(1112 1113 1155 1154)
4(1154 1155 1197 1196)
4(1196 1197 1239 1238)
4(1238 1239 1281 1280)
4(1280 1281 1323 1322)
4(1322 1323 1365 1364)
4(1364 1365 1407 1406)
4(1406 1407 1449 1448)
4(1448 1449 1491 1490)
4(1490 1491 1533 1532)
4(1532 1533 1575 1574)
4(1574 1575 1617 1616)
4(1616 1617 1659 1658)
4(1658 1659 1701 1700)
4(1700 1701 1743 1742)
4(1742 1743 1785 1784)
4(1784 1785 1827 1826)
4(1826 1827 1869 1868)
4(1868 1869 1911 1910)
4(1910 1911 1953 1952)
4(1952 1953 1995 1994)
4(1994 1995 2037 2036)
4(2036 2037 2079 2078)
4(2078 2079 2121 2120)
4(2120 2121 2163 2162)
4(2162 2163 2205 2204)
4(2204 2205 2247 2246)
4(2246 2247 2289 2288)
4(2288 2289 2331 2330)
4(2330 2331 2373 2372)
4(2372 2373 2415 2414)
4(2414 2415 2457 2456)
4(2456 2457 2499 2498)
4(2498 2499 2541 2540)
4(22 23 65 64)
4(64 65 107 106)
4(106 107 149 148)
4(148 149 191 190)
4(190 191 233 232)
4(232 233 275 274)
4(274 275 317 316)
4(316 317 359 358)
4(358 359 401 400)
4(400 401 443 442)
4(442 443 485 484)
4(484 485 527 526)
4(526 527 569 568)
4(568 569 611 610)
4(610 611 653 652)
4(652 653 695 694)
4(694 695 737 736)
4(736 737 779 778)
4(778 779 821 820)
4(820 821 863 862)
4(862 863 905 904)
4(904 905 947 946)
4(946 947 989 988)
4(988 989 1031 1030)
4(1030 1031 1073 1072)
4(1072 1073 1115 1114)
4(1114 1115 1157 1156)
4(1156 1157 1199 1198)
4(1198 1199 1241 1240)
4(1240 1241 1283 1282)
4(1282 1283 1325 1324)
4(1324 1325 1367 1366)
4(1366 1367 1409 1408)
4(1408 1409 1451 1450)
4(1450 1451 1493 1492)
4(1492 1493 1535 1534)
4(1534 1535 1577 1576)
4(1576 1577 1619 1618)
4(1618 1619 1661 1660)
4(1660 1661 1703 1702)
4(1702 1703 1745 1744)
4(1744 1745 1787 1786)
4(1786 1787 1829 1828)
4(1828 1829 1871 1870)
4(1870 1871 1913 1912)
4(1912 1913 1955 1954)
4(1954 1955 1997 1996)
4(1996 1997 2039 2038)
4(2038 2039 2081 2080)
4(2080 2081 2123 2122)
4(2122 2123 2165 2164)
4(2164 2165 2207 2206)
4(2206 2207 2249 2248)
4(2248 2249 2291 2290)
4(2290 2291 2333 2332)
4(2332 2333 2375 2374)
4(2374 2375 2417 2416)
4(2416 2417 2459 2458)
4(2458 2459 2501 2500)
4(2500 2501 2543 2542)
4(24 25 67 66)
4(66 67 109 108)
4(108 109 151 150)
4(150 151 193 192)
4(192 193 235 234)
4(234 235 277 276)
4(276 277 319 318)
4(318 319 361 360)
4(360 361 403 402)
4(402 403 445 444)
4(444 445 487 486)
4(486 487 529 528)
4(528 529 571 570)
4(570 571 613 612)
4(612 613 655 654)
4(654 655 697 696)
4(696 697 739 738)
4(738 739 781 780)
4(780 781 823 822)
4(822 823 865 864)
4(864 865 907 906)
4(906 907 949 948)
4(948 949 991 990)
4(990 991 1033 1032)
4(1032 1033 1075 1074)
4(1074 1075 1117 1116)
4(1116 1117 1159 1158)
4(1158 1159 1201 1200)
4(1200 1201 1243 1242)
4(1242 1243 1285 1284)
4(1284 1285 1327 1326)
4(1326 1327 1369 1368)
4(1368 1369 1411 1410)
4(1410 1411 1453 1452)
4(1452 1453 1495 1494)
4(1494 1495 1537 1536)
4(1536 1537 1579 1578)
4(1578 1579 1621 1620)
4(1620 1621 1663 1662)
4(1662 1663 1705 1704)
4(1704 1705 1747 1746)
4(1746 1747 1789 1788)
4(1788 1789 1831 1830)
4(1830 1831 1873 1872)
4(1872 1873 1915 1914)
4(1914 1915 1957 1956)
4(1956 1957 1999 1998)
4(1998 1999 2041 2040)
4(2040 2041 2083 2082)
4(2082 2083 2125 2124)
4(2124 2125 2167 2166)
4(2166 2167 2209 2208)
4(2208 2209 2251 2250)
4(2250 2251 2293 2292)
4(2292 2293 2335 2334)
4(2334 2335 2377 2376)
4(2376 2377 2419 2418)
4(2418 2419 2461 2460)
4(2460 2461 2503 2502)
4(2502 2503 2545 2544)
4(26 27 69 68)
4(68 69 111 110)
4(110 111 153 152)
4(152 153 195 194)
4(194 195 237 236)
4(236 237 279 278)
4(278 279 321 320)
4(320 321 363 362)
4(362 363 405 404)
4(404 405 447 446)
4(446 447 489 488)
4(488 489 531 530)
4(530 531 573 572)
4(572 573 615 614)
4(614 615 657 656)
4(656 657 699 698)
4(698 699 741 740)
4(740 741 783 782)
4(782 783 825 824)
4(824 825 867 866)
4(866 867 909 908)
4(908 909 951 950)
4(950 951 993 992)
4(992 993 1035 1034)
4(1034 1035 1077 1076)
4(1076 1077 1119 1118)
4(1118 1119 1161 1160)
4(1160 1161 1203 1202)
4(1202 1203 1245 1244)
4(1244 1245 1287 1286)
4(1286 1287 1329 1328)
4(1328 1329 1371 1370)
4(1370 1371 1413 1412)
4(1412 1413 1455 1454)
4(1454 1455 1497 1496)
4(1496 1497 1539 1538)
4(1538 1539 1581 1580)
4(1580 1581 1623 1622)
4(1622 1623 1665 1664)
4(1664 1665 1707 1706)
4(1706 1707 1749 1748)
4(1748 1749 1791 1790)
4(1790 1791 1833 1832)
4(1832 1833 1875 1874)
4(1874 1875 1917 1916)
4(1916 1917 1959 1958)
4(1958 1959 2001 2000)
4(2000 2001 2043 2042)
4(2042 2043 2085 2084)
4(2084 2085 2127 2126)
4(2126 2127 2169 2168)
4(2168 2169 2211 2210)
4(2210 2211 2253 2252)
4(2252 2253 2295 2294)
4(2294 2295 2337 2336)
4(2336 2337 2379 2378)
4(2378 2379 2421 2420)
4(2420 2421 2463 2462)
4(2462 2463 2505 2504)
4(2504 2505 2547 2546)
4(28 29 71 70)
4(70 71 113 112)
4(112 113 155 154)
4(154 155 197 196)
4(196 197 239 238)
4(238 239 281 280)
4(280 281 323 322)
4(322 323 365 364)
4(364 365 407 406)
4(406 407 449 448)
4(448 449 491 490)
4(490 491 533 532)
4(532 533 575 574)
4(574 575 617 616)
4(616 617 659 658)
4(658 659 701 700)
4(700 701 743 742)
4(742 743 785 784)
4(784 785 827 826)
4(826 827 869 868)
4(868 869 911 910)
4(910 911 953 952)
4(952 953 995 994)
4(994 995 1037 1036)
4(1036 1037 1079 1078)
4(1078 1079 1121 1120)
4(1120 1121 1163 1162)
4(1162 1163 1205 1204)
4(1204 1205 1247 1246)
4(1246 1247 1289 1288)
4(1288 1289 1331 1330)
4(1330 1331 1373 1372)
4(1372 1373 1415 1414)
4(1414 1415 1457 1456)
4(1456 1457 1499 1498)
4(1498 1499 1541 1540)
4(1540 1541 1583 1582)
4(1582 1583 1625 1624)
4(1624 1625 1667 1666)
4(1666 1667 1709 1708)
4(1708 1709 1751 1750)
4(1750 1751 1793 1792)
4(1792 1793 1835 1834)
4(1834 1835 1877 1876)
4(1876 1877 1919 1918)
4(1918 1919 1961 1960)
4(1960 1961 2003 2002)
4(2002 2003 2045 2044)
4(2044 2045 2087 2086)
4(2086 2087 2129 2128)
4(2128 2129 2171 2170)
4(2170 2171 2213 2212)
4(2212 2213 2255 2254)
4(2254 2255 2297 2296)
4(2296 2297 2339 2338)
4(2338 2339 2381 2380)
4(2380 2381 2423 2422)
4(2422 2423 2465 2464)
4(2464 2465 2507 2506)
4(2506 2507 2549 2548)
4(30 31 73 72)
4(72 73 115 114)
4(114 115 157 156)
4(156 157 199 198)
4(198 199 241 240)
4(240 241 283 282)
4(282 283 325 324)
4(324 325 367 366)
4(366 367 409 408)
4(408 409 451 450)
4(450 451 493 492)
4(492 493 535 534)
4(534 535 577 576)
4(576 577 619 618)
4(618 619 661 660)
4(660 661 703 702)
4(702 703 745 744)
4(744 745 787 786)
4(786 787 829 828)
4(828 829 871 870)
4(870 871 913 912)
4(912 913 955 954)
4(954 955 997 996)
4(996 997 1039 1038)
4(1038 1039 1081 1080)
4(1080 1081 1123 1122)
4(1122 1123 1165 1164)
4(1164 1165 1207 1206)
4(1206 1207 1249 1248)
4(1248 1249 1291 1290)
4(1290 1291 1333 1332)
4(1332 1333 1375 1374)
4(1374 1375 1417 1416)
4(1416 1417 1459 1458)
4(1458 1459 1501 1500)
4(1500 1501 1543 1542)
4(1542 1543 1585 1584)
4(1584 1585 1627 1626)
4(1626 1627 1669 1668)
4(1668 1669 1711 1710)
4(1710 1711 1753 1752)
4(1752 1753 1795 1794)
4(1794 1795 1837 1836)
4(1836 1837 1879 1878)
4(1878 1879 1921 1920)
4(1920 1921 1963 1962)
4(1962 1963 2005 2004)
4(2004 2005 2047 2046)
4(2046 2047 2089 2088)
4(2088 2089 2131 2130)
4(2130 2131 2173 2172)
4(2172 2173 2215 2214)
4(2214 2215 2257 2256)
4(2256 2257 2299 2298)
4(2298 2299 2341 2340)
4(2340 2341 2383 2382)
4(2382 2383 2425 2424)
4(2424 2425 2467 2466)
4(2466 2467 2509 2508)
4(2508 2509 2551 2550)
4(32 33 75 74)
4(74 75 117 116)
4(116 117 159 158)
4(158 159 201 200)
4(200 201 243 242)
4(242 243 285 284)
4(284 285 327 326)
4(326 327 369 368)
4(368 369 411 410)
4(410 411 453 452)
4(452 453 495 494)
4(494 495 537 536)
4(536 537 579 578)
4(578 579 621 620)
4(620 621 663 662)
4(662 663 705 704)
4(704 705 747 746)
4(746 747 789 788)
4(788 789 831 830)
4(830 831 873 872)
4(872 873 915 914)
4(914 915 957 956)
4(956 957 999 998)
4(998 999 1041 1040)
4(1040 1041 1083 1082)
4(1082 1083 1125 1124)
4(1124 1125 1167 1166)
4(1166 1167 1209 1208)
4(1208 1209 1251 1250)
4(1250 1251 1293 1292)
4(1292 1293 1335 1334)
4(1334 1335 1377 1376)
4(1376 1377 1419 1418)
4(1418 1419 1461 1460)
4(1460 1461 1503 1502)
4(1502 1503 1545 1544)
4(1544 1545 1587 1586)
4(1586 1587 1629 1628)
4(1628 1629 1671 1670)
4(1670 1671 1713 1712)
4(1712 1713 1755 1754)
4(1754 1755 1797 1796)
4(1796 1797 1839 1838)
4(1838 1839 1881 1880)
4(1880 1881 1923 1922)
4(1922 1923 1965 1964)
4(1964 1965 2007 2006)
4(2006 2007 2049 2048)
4(2048 2049 2091 2090)
4(2090 2091 2133 2132)
4(2132 2133 2175 2174)
4(2174 2175 2217 2216)
4(2216 2217 2259 2258)
4(2258 2259 2301 2300)
4(2300 2301 2343 2342)
4(2342 2343 2385 2384)
4(2384 2385 2427 2426)
4(2426 2427 2469 2468)
4(2468 2469 2511 2510)
4(2510 2511 2553 2552)
4(34 35 77 76)
4(76 77 119 118)
4(118 119 161 160)
4(160 161 203 202)
4(202 203 245 244)
4(244 245 287 286)
4(286 287 329 328)
4(328 329 371 370)
4(370 371 413 412)
4(412 413 455 454)
4(454 455 497 496)
4(496 497 539 538)
4(538 539 581 580)
4(580 581 623 622)
4(622 623 665 664)
4(664 665 707 706)
4(706 707 749 748)
4(748 749 791 790)
4(790 791 833 832)
4(832 833 875 874)
4(874 875 917 916)
4(916 917 959 958)
4(958 959 1001 1000)
4(1000 1001 1043 1042)
4(1042 1043 1085 1084)
4(1084 1085 1127 1126)
4(1126 1127 1169 1168)
4(1168 1169 1211 1210)
4(1210 1211 1253 1252)
4(1252 1253 1295 1294)
4(1294 1295 1337 1336)
4(1336 1337 1379 1378)
4(1378 1379 1421 1420)
4(1420 1421 1463 1462)
4(1462 1463 1505 1504)
4(1504 1505 1547 1546)
4(1546 1547 1589 1588)
4(1588 1589 1631 1630)
4(1630 1631 1673 1672)
4(1672 1673 1715 1714)
4(1714 1715 1757 1756)
4(1756 1757 1799 1798)
4(1798 1799 1841 1840)
4(1840 1841 1883 1882)
4(1882 1883 1925 1924)
4(1924 1925 1967 1966)
4(1966 1967 2009 2008)
4(2008 2009 2051 2050)
4(2050 2051 2093 2092)
4(2092 2093 2135 2134)
4(2134 2135 2177 2176)
4(2176 2177 2219 2218)
4(2218 2219 2261 2260)
4(2260 2261 2303 2302)
4(2302 2303 2345 2344)
4(2344 2345 2387 2386)
4(2386 2387 2429 2428)
4(2428 2429 2471 2470)
4(2470 2471 2513 2512)
4(2512 2513 2555 2554)
4(36 37 79 78)
4(78 79 121 120)
4(120 121 163 162)
4(162 163 205 204)
4(204 205 247 246)
4(246 247 289 288)
4(288 289 331 330)
4(330 331 373 372)
4(372 373 415 414)
4(414 415 457 456)
4(456 457 499 498)
4(498 499 541 540)
4(540 541 583 582)
4(582 583 625 624)
4(624 625 667 666)
4(666 667 709 708)
4(708 709 751 750)
4(750 751 793 792)
4(792 793 835 834)
4(834 835 877 876)
4(876 877 919 918)
4(918 919 961 960)
4(960 961 1003 1002)
4(1002 1003 1045 1044)
4(1044 1045 1087 1086)
4(1086 1087 1129 1128)
4(1128 1129 1171 1170)
4(1170 1171 1213 1212)
4(1212 1213 1255 1254)
4(1254 1255 1297 1296)
4(1296 1297 1339 1338)
4(1338 1339 1381 1380)
4(1380 1381 1423 1422)
4(1422 1423 1465 1464)
4(1464 1465 1507 1506)
4(1506 1507 1549 1548)
4(1548 1549 1591 1590)
4(1590 1591 1633 1632)
4(1632 1633 1675 1674)
4(1674 1675 1717 1716)
4(1716 1717 1759 1758)
4(1758 1759 1801 1800)
4(1800 1801 1843 1842)
4(1842 1843 1885 1884)
4(1884 1885 1927 1926)
4(1926 1927 1969 1968)
4(1968 1969 2011 2010)
4(2010 2011 2053 2052)
4(2052 2053 2095 2094)
4(2094 2095 2137 2136)
4(2136 2137 2179 2178)
4(2178 2179 2221 2220)
4(2220 2221 2263 2262)
4(2262 2263 2305 2304)
4(2304 2305 2347 2346)
4(2346 2347 2389 2388)
4(2388 2389 2431 2430)
4(2430 2431 2473 2472)
4(2472 2473 2515 2514)
4(2514 2515 2557 2556)
4(38 39 81 80)
4(80 81 123 122)
4(122 123 165 164)
4(164 165 207 206)
4(206 207 249 248)
4(248 249 291 290)
4(290 291 333 332)
4(332 333 375 374)
4(374 375 417 416)
4(416 417 459 458)
4(458 459 501 500)
4(500 501 543 542)
4(542 543 585 584)
4(584 585 627 626)
4(626 627 669 668)
4(668 669 711 710)
4(710 711 753 752)
4(752 753 795 794)
4(794 795 837 836)
4(836 837 879 878)
4(878 879 921 920)
4(920 921 963 962)
4(962 963 1005 1004)
4(1004 1005 1047 1046)
4(1046 1047 1089 1088)
4(1088 1089 1131 1130)
4(1130 1131 1173 1172)
4(1172 1173 1215 1214)
4(1214 1215 1257 1256)
4(1256 1257 1299 1298)
4(1298 1299 1341 1340)
4(1340 1341 1383 1382)
4(1382 1383 1425 1424)
4(1424 1425 1467 1466)
4(1466 1467 1509 1508)
4(1508 1509 1551 1550)
4(1550 1551 1593 1592)
4(1592 1593 1635 1634)
4(1634 1635 1677 1676)
4(1676 1677 1719 1718)
4(1718 1719 1761 1760)
4(1760 1761 1803 1802)
4(1802 1803 1845 1844)
4(1844 1845 1887 1886)
4(1886 1887 1929 1928)
4(1928 1929 1971 1970)
4(1970 1971 2013 2012)
4(2012 2013 2055 2054)
4(2054 2055 2097 2096)
4(2096 2097 2139 2138)
4(2138 2139 2181 2180)
4(2180 2181 2223 2222)
4(2222 2223 2265 2264)
4(2264 2265 2307 2306)
4(2306 2307 2349 2348)
4(2348 2349 2391 2390)
4(2390 2391 2433 2432)
4(2432 2433 2475 2474)
4(2474 2475 2517 2516)
4(2516 2517 2559 2558)
4(0 1 3 2)
4(2 3 5 4)
4(4 5 7 6)
4(6 7 9 8)
4(8 9 11 10)
4(10 11 13 12)
4(12 13 15 14)
4(14 15 17 16)
4(16 17 19 18)
4(18 19 21 20)
4(20 21 23 22)
4(22 23 25 24)
4(24 25 27 26)
4(26 27 29 28)
4(28 29 31 30)
4(30 31 33 32)
4(32 33 35 34)
4(34 35 37 36)
4(36 37 39 38)
4(38 39 41 40)
4(2520 2522 2523 2521)
4(2522 2524 2525 2523)
4(2524 2526 2527 2525)
4(2526 2528 2529 2527)
4(2528 2530 2531 2529)
4(2530 2532 2533 2531)
4(2532 2534 2535 2533)
4(2534 2536 2537 2535)
4(2536 2538 2539 2537)
4(2538 2540 2541 2539)
4(2540 2542 2543 2541)
4(2542 2544 2545 2543)
4(2544 2546 2547 2545)
4(2546 2548 2549 2547)
4(2548 2550 2551 2549)
4(2550 2552 2553 2551)
4(2552 2554 2555 2553)
4(2554 2556 2557 2555)
4(2556 2558 2559 2557)
4(2558 2560 2561 2559)
4(0 42 43 1)
4(42 84 85 43)
4(84 126 127 85)
4(126 168 169 127)
4(168 210 211 169)
4(210 252 253 211)
4(252 294 295 253)
4(294 336 337 295)
4(336 378 379 337)
4(378 420 421 379)
4(420 462 463 421)
4(462 504 505 463)
4(504 546 547 505)
4(546 588 589 547)
4(588 630 631 589)
4(630 672 673 631)
4(672 714 715 673)
4(714 756 757 715)
4(756 798 799 757)
4(798 840 841 799)
4(840 882 883 841)
4(882 924 925 883)
4(924 966 967 925)
4(966 1008 1009 967)
4(1008 1050 1051 1009)
4(1050 1092 1093 1051)
4(1092 1134 1135 1093)
4(1134 1176 1177 1135)
4(1176 1218 1219 1177)
4(1218 1260 1261 1219)
4(1260 1302 1303 1261)
4(1302 1344 1345 1303)
4(1344 1386 1387 1345)
4(1386 1428 1429 1387)
4(1428 1470 1471 1429)
4(1470 1512 1513 1471)
4(1512 1554 1555 1513)
4(1554 1596 1597 1555)
4(1596 1638 1639 1597)
4(1638 1680 1681 1639)
4(1680 1722 1723 1681)
4(1722 1764 1765 1723)
4(1764 1806 1807 1765)
4(1806 1848 1849 1807)
4(1848 1890 1891 1849)
4(1890 1932 1933 1891)
4(1932 1974 1975 1933)
4(1974 2016 2017 1975)
4(2016 2058 2059 2017)
4(2058 2100 2101 2059)
4(2100 2142 2143 2101)
4(2142 2184 2185 2143)
4(2184 2226 2227 2185)
4(2226 2268 2269 2227)
4(2268 2310 2311 2269)
4(2310 2352 2353 2311)
4(2352 2394 2395 2353)
4(2394 2436 2437 2395)
4(2436 2478 2479 2437)
4(2478 2520 2521 2479)
4(40 41 83 82)
4(82 83 125 124)
4(124 125 167 166)
4(166 167 209 208)
4(208 209 251 250)
4(250 251 293 292)
4(292 293 335 334)
4(334 335 377 376)
4(376 377 419 418)
4(418 419 461 460)
4(460 461 503 502)
4(502 503 545 544)
4(544 545 587 586)
4(586 587 629 628)
4(628 629 671 670)
4(670 671 713 712)
4(712 713 755 754)
4(754 755 797 796)
4(796 797 839 838)
4(838 839 881 880)
4(880 881 923 922)
4(922 923 965 964)
4(964 965 1007 1006)
4(1006 1007 1049 1048)
4(1048 1049 1091 1090)
4(1090 1091 1133 1132)
4(1132 1133 1175 1174)
4(1174 1175 1217 1216)
4(1216 1217 1259 1258)
4(1258 1259 1301 1300)
4(1300 1301 1343 1342)
4(1342 1343 1385 1384)
4(1384 1385 1427 1426)
4(1426 1427 1469 1468)
4(1468 1469 1511 1510)
4(1510 1511 1553 1552)
4(1552 1553 1595 1594)
4(1594 1595 1637 1636)
4(1636 1637 1679 1678)
4(1678 1679 1721 1720)
4(1720 1721 1763 1762)
4(1762 1763 1805 1804)
4(1804 1805 1847 1846)
4(1846 1847 1889 1888)
4(1888 1889 1931 1930)
4(1930 1931 1973 1972)
4(1972 1973 2015 2014)
4(2014 2015 2057 2056)
4(2056 2057 2099 2098)
4(2098 2099 2141 2140)
4(2140 2141 2183 2182)
4(2182 2183 2225 2224)
4(2224 2225 2267 2266)
4(2266 2267 2309 2308)
4(2308 2309 2351 2350)
4(2350 2351 2393 2392)
4(2392 2393 2435 2434)
4(2434 2435 2477 2476)
4(2476 2477 2519 2518)
4(2518 2519 2561 2560)
4(0 2 44 42)
4(2 4 46 44)
4(4 6 48 46)
4(6 8 50 48)
4(8 10 52 50)
4(10 12 54 52)
4(12 14 56 54)
4(14 16 58 56)
4(16 18 60 58)
4(18 20 62 60)
4(20 22 64 62)
4(22 24 66 64)
4(24 26 68 66)
4(26 28 70 68)
4(28 30 72 70)
4(30 32 74 72)
4(32 34 76 74)
4(34 36 78 76)
4(36 38 80 78)
4(38 40 82 80)
4(42 44 86 84)
4(44 46 88 86)
4(46 48 90 88)
4(48 50 92 90)
4(50 52 94 92)
4(52 54 96 94)
4(54 56 98 96)
4(56 58 100 98)
4(58 60 102 100)
4(60 62 104 102)
4(62 64 106 104)
4(64 66 108 106)
4(66 68 110 108)
4(68 70 112 110)
4(70 72 114 112)
4(72 74 116 114)
4(74 76 118 116)
4(76 78 120 118)
4(78 80 122 120)
4(80 82 124 122)
4(84 86 128 126)
4(86 88 130 128)
4(88 90 132 130)
4(90 92 134 132)
4(92 94 136 134)
4(94 96 138 136)
4(96 98 140 138)
4(98 100 142 140)
4(100 102 144 142)
4(102 104 146 144)
4(104 106 148 146)
4(106 108 150 148)
4(108 110 152 150)
4(110 112 154 152)
4(112 114 156 154)
4(114 116 158 156)
4(116 118 160 158)
4(118 120 162 160)
4(120 122 164 162)
4(122 124 166 164)
4(126 128 170 168)
4(128 130 172 170)
4(130 132 174 172)
4(132 134 176 174)
4(134 136 178 176)
4(136 138 180 178)
4(138 140 182 180)
4(140 142 184 182)
4(142 144 186 184)
4(144 146 188 186)
4(146 148 190 188)
4(148 150 192 190)
4(150 152 194 192)
4(152 154 196 194)
4(154 156 198 196)
4(156 158 200 198)
4(158 160 202 200)
4(160 162 204 202)
4(162 164 206 204)
4(164 166 208 206)
4(168 170 212 210)
4(170 172 214 212)
4(172 174 216 214)
4(174 176 218 216)
4(176 178 220 218)
4(178 180 222 220)
4(180 182 224 222)
4(182 184 226 224)
4(184 186 228 226)
4(186 188 230 228)
4(188 190 232 230)
4(190 192 234 232)
4(192 194 236 234)
4(194 196 238 236)
4(196 198 240 238)
4(198 200 242 240)
4(200 202 244 242)
4(202 204 246 244)
4(204 206 248 246)
4(206 208 250 248)
4(210 212 254 252)
4(212 214 256 254)
4(214 216 258 256)
4(216 218 260 258)
4(218 220 262 260)
4(220 222 264 262)
4(222 224 266 264)
4(224 226 268 266)
4(226 228 270 268)
4(228 230 272 270)
4(230 232 274 272)
4(232 234 276 274)
4(234 236 278 276)
4(236 238 280 278)
4(238 240 282 280)
4(240 242 284 282)
4(242 244 286 284)
4(244 246 288 286)
4(246 248 290 288)
4(248 250 292 290)
4(252 254 296 294)
4(254 256 298 296)
4(256 258 300 298)
4(258 260 302 300)
4(260 262 304 302)
4(262 264 306 304)
4(264 266 308 306)
4(266 268 310 308)
4(268 270 312 310)
4(270 272 314 312)
4(272 274 316 314)
4(274 276 318 316)
4(276 278 320 318)
4(278 280 322 320)
4(280 282 324 322)
4(282 284 326 324)
4(284 286 328 326)
4(286 288 330 328)
4(288 290 332 330)
4(290 292 334 332)
4(294 296 338 336)
4(296 298 340 338)
4(298 300 342 340)
4(300 302 344 342)
4(302 304 346 344)
4(304 306 348 346)
4(306 308 350 348)
4(308 310 352 350)
4(310 312 354 352)
4(312 314 356 354)
4(314 316 358 356)
4(316 318 360 358)
4(318 320 362 360)
4(320 322 364 362)
4(322 324 366 364)
4(324 326 368 366)
4(326 328 370 368)
4(328 330 372 370)
4(330 332 374 372)
4(332 334 376 374)
4(336 338 380 378)
4(338 340 382 380)
4(340 342 384 382)
4(342 344 386 384)
4(344 346 388 386)
4(346 348 390 388)
4(348 350 392 390)
4(350 352 394 392)
4(352 354 396 394)
4(354 356 398 396)
4(356 358 400 398)
4(358 360 402 400)
4(360 362 404 402)
4(362 364 406 404)
4(364 366 408 406)
4(366 368 410 408)
4(368 370 412 410)
4(370 372 414 412)
4(372 374 416 414)
4(374 376 418 416)
4(378 380 422 420)
4(380 382 424 422)
4(382 384 426 424)
4(384 386 428 426)
4(386 388 430 428)
4(388 390 432 430)
4(390 392 434 432)
4(392 394 436 434)
4(394 396 438 436)
4(396 398 440 438)
4(398 400 442 440)
4(400 402 444 442)
4(402 404 446 444)
4(404 406 448 446)
4(406 408 450 448)
4(408 410 452 450)
4(410 412 454 452)
4(412 414 456 454)
4(414 416 458 456)
4(416 418 460 458)
4(420 422 464 462)
4(422 424 466 464)
4(424 426 468 466)
4(426 428 470 468)
4(428 430 472 470)
4(430 432 474 472)
4(432 434 476 474)
4(434 436 478 476)
4(436 438 480 478)
4(438 440 482 480)
4(440 442 484 482)
4(442 444 486 484)
4(444 446 488 486)
4(446 448 490 488)
4(448 450 492 490)
4(450 452 494 492)
4(452 454 496 494)
4(454 456 498 496)
4(456 458 500 498)
4(458 460 502 500)
4(462 464 506 504)
4(464 466 508 506)
4(466 468 510 508)
4(468 470 512 510)
4(470 472 514 512)
4(472 474 516 514)
4(474 476 518 516)
4(476 478 520 518)
4(478 480 522 520)
4(480 482 524 522)
4(482 484 526 524)
4(484 486 528 526)
4(486 488 530 528)
4(488 490 532 530)
4(490 492 534 532)
4(492 494 536 534)
4(494 496 538 536)
4(496 498 540 538)
4(498 500 542 540)
4(500 502 544 542)
4(504 506 548 546)
4(506 508 550 548)
4(508 510 552 550)
4(510 512 554 552)
4(512 514 556 554)
4(514 516 558 556)
4(516 518 560 558)
4(518 520 562 560)
4(520 522 564 562)
4(522 524 566 564)
4(524 526 568 566)
4(526 528 570 568)
4(528 530 572 570)
4(530 532 574 572)
4(532 534 576 574)
4(534 536 578 576)
4(536 538 580 578)
4(538 540 582 580)
4(540 542 584 582)
4(542 544 586 584)
4(546 548 590 588)
4(548 550 592 590)
4(550 552 594 592)
4(552 554 596 594)
4(554 556 598 596)
4(556 558 600 598)
4(558 560 602 600)
4(560 562 604 602)
4(562 564 606 604)
4(564 566 608 606)
4(566 568 610 608)
4(568 570 612 610)
4(570 572 614 612)
4(572 574 616 614)
4(574 576 618 616)
4(576 578 620 618)
4(578 580 622 620)
4(580 582 624 622)
4(582 584 626 624)
4(584 586 628 626)
4(588 590 632 630)
4(590 592 634 632)
4(592 594 636 634)
4(594 596 638 636)
4(596 598 640 638)
4(598 600 642 640)
4(600 602 644 642)
4(602 604 646 644)
4(604 606 648 646)
4(606 608 650 648)
4(608 610 652 650)
4(610 612 654 652)
4(612 614 656 654)
4(614 616 658 656)
4(616 618 660 658)
4(618 620 662 660)
4(620 622 664 662)
4(622 624 666 664)
4(624 626 668 666)
4(626 628 670 668)
4(630 632 674 672)
4(632 634 676 674)
4(634 636 678 676)
4(636 638 680 678)
4(638 640 682 680)
4(640 642 684 682)
4(642 644 686 684)
4(644 646 688 686)
4(646 648 690 688)
4(648 650 692 690)
4(650 652 694 692)
4(652 654 696 694)
4(654 656 698 696)
4(656 658 700 698)
4(658 660 702 700)
4(660 662 704 702)
4(662 664 706 704)
4(664 666 708 706)
4(666 668 710 708)
4(668 670 712 710)
4(672 674 716 714)
4(674 676 718 716)
4(676 678 720 718)
4(678 680 722 720)
4(680 682 724 722)
4(682 684 726 724)
4(684 686 728 726)
4(686 688 730 728)
4(688 690 732 730)
4(690 692 734 732)
4(692 694 736 734)
4(694 696 738 736)
4(696 698 740 738)
4(698 700 742 740)
4(700 702 744 742)
4(702 704 746 744)
4(704 706 748 746)
4(706 708 750 748)
4(708 710 752 750)
4(710 712 754 752)
4(714 716 758 756)
4(716 718 760 758)
4(718 720 762 760)
4(720 722 764 762)
4(722 724 766 764)
4(724 726 768 766)
4(726 728 770 768)
4(728 730 772 770)
4(730 732 774 772)
4(732 734 776 774)
4(734 736 778 776)
4(736 738 780 778)
4(738 740 782 780)
4(740 742 784 782)
4(742 744 786 784)
4(744 746 788 786)
4(746 748 790 788)
4(748 750 792 790)
4(750 752 794 792)
4(752 754 796 794)
4(756 758 800 798)
4(758 760 802 800)
4(760 762 804 802)
4(762 764 806 804)
4(764 766 808 806)
4(766 768 810 808)
4(768 770 812 810)
4(770 772 814 812)
4(772 774 816 814)
4(774 776 818 816)
4(776 778 820 818)
4(778 780 822 820)
4(780 782 824 822)
4(782 784 826 824)
4(784 786 828 826)
4(786 788 830 828)
4(788 790 832 830)
4(790 792 834 832)
4(792 794 836 834)
4(794 796 838 836)
4(798 800 842 840)
4(800 802 844 842)
4(802 804 846 844)
4(804 806 848 846)
4(806 808 850 848)
4(808 810 852 850)
4(810 812 854 852)
4(812 814 856 854)
4(814 816 858 856)
4(816 818 860 858)
4(818 820 862 860)
4(820 822 864 862)
4(822 824 866 864)
4(824 826 868 866)
4(826 828 870 868)
4(828 830 872 870)
4(830 832 874 872)
4(832 834 876 874)
4(834 836 878 876)
4(836 838 880 878)
4(840 842 884 882)
4(842 844 886 884)
4(844 846 888 886)
4(846 848 890 888)
4(848 850 892 890)
4(850 852 894 892)
4(852 854 896 894)
4(854 856 898 896)
4(856 858 900 898)
4(858 860 902 900)
4(860 862 904 902)
4(862 864 906 904)
4(864 866 908 906)
4(866 868 910 908)
4(868 870 912 910)
4(870 872 914 912)
4(872 874 916 914)
4(874 876 918 916)
4(876 878 920 918)
4(878 880 922 920)
4(882 884 926 924)
4(884 886 928 926)
4(886 888 930 928)
4(888 890 932 930)
4(890 892 934 932)
4(892 894 936 934)
4(894 896 938 936)
4(896 898 940 938)
4(898 900 942 940)
4(900 902 944 942)
4(902 904 946 944)
4(904 906 948 946)
4(906 908 950 948)
4(908 910 952 950)
4(910 912 954 952)
4(912 914 956 954)
4(914 916 958 956)
4(916 918 960 958)
4(918 920 962 960)
4(920 922 964 962)
4(924 926 968 966)
4(926 928 970 968)
4(928 930 972 970)
4(930 932 974 972)
4(932 934 976 974)
4(934 936 978 976)
4(936 938 980 978)
4(938 940 982 980)
4(940 942 984 982)
4(942 944 986 984)
4(944 946 988 986)
4(946 948 990 988)
4(948 950 992 990)
4(950 952 994 992)
4(952 954 996 994)
4(954 956 998 996)
4(956 958 1000 998)
4(958 960 1002 1000)
4(960 962 1004 1002)
4(962 964 1006 1004)
4(966 968 1010 1008)
4(968 970 1012 1010)
4(970 972 1014 1012)
4(972 974 1016 1014)
4(974 976 1018 1016)
4(976 978 1020 1018)
4(978 980 1022 1020)
4(980 982 1024 1022)
4(982 984 1026 1024)
4(984 986 1028 1026)
4(986 988 1030 1028)
4(988 990 1032 1030)
4(990 992 1034 1032)
4(992 994 1036 1034)
4(994 996 1038 1036)
4(996 998 1040 1038)
4(998 1000 1042 1040)
4(1000 1002 1044 1042)
4(1002 1004 1046 1044)
4(1004 1006 1048 1046)
4(1008 1010 1052 1050)
4(1010 1012 1054 1052)
4(1012 1014 1056 1054)
4(1014 1016 1058 1056)
4(1016 1018 1060 1058)
4(1018 1020 1062 1060)
4(1020 1022 1064 1062)
4(1022 1024 1066 1064)
4(1024 1026 1068 1066)
4(1026 1028 1070 1068)
4(1028 1030 1072 1070)
4(1030 1032 1074 1072)
4(1032 1034 1076 1074)
4(1034 1036 1078 1076)
4(1036 1038 1080 1078)
4(1038 1040 1082 1080)
4(1040 1042 1084 1082)
4(1042 1044 1086 1084)
4(1044 1046 1088 1086)
4(1046 1048 1090 1088)
4(1050 1052 1094 1092)
4(1052 1054 1096 1094)
4(1054 1056 1098 1096)
4(1056 1058 1100 1098)
4(1058 1060 1102 1100)
4(1060 1062 1104 1102)
4(1062 1064 1106 1104)
4(1064 1066 1108 1106)
4(1066 1068 1110 1108)
4(1068 1070 1112 1110)
4(1070 1072 1114 1112)
4(1072 1074 1116 1114)
4(1074 1076 1118 1116)
4(1076 1078 1120 1118)
4(1078 1080 1122 1120)
4(1080 1082 1124 1122)
4(1082 1084 1126 1124)
4(1084 1086 1128 1126)
4(1086 1088 1130 1128)
4(1088 1090 1132 1130)
4(1092 1094 1136 1134)
4(1094 1096 1138 1136)
4(1096 1098 1140 1138)
4(1098 1100 1142 1140)
4(1100 1102 1144 1142)
4(1102 1104 1146 1144)
4(1104 1106 1148 1146)
4(1106 1108 1150 1148)
4(1108 1110 1152 1150)
4(1110 1112 1154 1152)
4(1112 1114 1156 1154)
4(1114 1116 1158 1156)
4(1116 1118 1160 1158)
4(1118 1120 1162 1160)
4(1120 1122 1164 1162)
4(1122 1124 1166 1164)
4(1124 1126 1168 1166)
4(1126 1128 1170 1168)
4(1128 1130 1172 1170)
4(1130 1132 1174 1172)
4(1134 1136 1178 1176)
4(1136 1138 1180 1178)
4(1138 1140 1182 1180)
4(1140 1142 1184 1182)
4(1142 1144 1186 1184)
4(1144 1146 1188 1186)
4(1146 1148 1190 1188)
4(1148 1150 1192 1190)
4(1150 1152 1194 1192)
4(1152 1154 1196 1194)
4(1154 1156 1198 1196)
4(1156 1158 1200 1198)
4(1158 1160 1202 1200)
4(1160 1162 1204 1202)
4(1162 1164 1206 1204)
4(1164 1166 1208 1206)
4(1166 1168 1210 1208)
4(1168 1170 1212 1210)
4(1170 1172 1214 1212)
4(1172 1174 1216 1214)
4(1176 1178 1220 1218)
4(1178 1180 1222 1220)
4(1180 1182 1224 1222)
4(1182 1184 1226 1224)
4(1184 1186 1228 1226)
4(1186 1188 1230 1228)
4(1188 1190 1232 1230)
4(1190 1192 1234 1232)
4(1192 1194 1236 1234)
4(1194 1196 1238 1236)
4(1196 1198 1240 1238)
4(1198 1200 1242 1240)
4(1200 1202 1244 1242)
4(1202 1204 1246 1244)
4(1204 1206 1248 1246)
4(1206 1208 1250 1248)
4(1208 1210 1252 1250)
4(1210 1212 1254 1252)
4(1212 1214 1256 1254)
4(1214 1216 1258 1256)
4(1218 1220 1262 1260)
4(1220 1222 1264 1262)
4(1222 1224 1266 1264)
4(1224 1226 1268 1266)
4(1226 1228 1270 1268)
4(1228 1230 1272 1270)
4(1230 1232 1274 1272)
4(1232 1234 1276 1274)
4(1234 1236 1278 1276)
4(1236 1238 1280 1278)
4(1238 1240 1282 1280)
4(1240 1242 1284 1282)
4(1242 1244 1286 1284)
4(1244 1246 1288 1286)
4(1246 1248 1290 1288)
4(1248 1250 1292 1290)
4(1250 1252 1294 1292)
4(1252 1254 1296 1294)
4(1254 1256 1298 1296)
4(1256 1258 1300 1298)
4(1260 1262 1304 1302)
4(1262 1264 1306 1304)
4(1264 1266 1308 1306)
4(1266 1268 1310 1308)
4(1268 1270 1312 1310)
4(1270 1272 1314 1312)
4(1272 1274 1316 1314)
4(1274 1276 1318 1316)
4(1276 1278 1320 1318)
4(1278 1280 1322 1320)
4(1280 1282 1324 1322)
4(1282 1284 1326 1324)
4(1284 1286 1328 1326)
4(1286 1288 1330 1328)
4(1288 1290 1332 1330)
4(1290 1292 1334 1332)
4(1292 1294 1336 1334)
4(1294 1296 1338 1336)
4(1296 1298 1340 1338)
4(1298 1300 1342 1340)
4(1302 1304 1346 1344)
4(1304 1306 1348 1346)
4(1306 1308 1350 1348)
4(1308 1310 1352 1350)
4(1310 1312 1354 1352)
4(1312 1314 1356 1354)
4(1314 1316 1358 1356)
4(1316 1318 1360 1358)
4(1318 1320 1362 1360)
4(1320 1322 1364 1362)
4(1322 1324 1366 1364)
4(1324 1326 1368 1366)
4(1326 1328 1370 1368)
4(1328 1330 1372 1370)
4(1330 1332 1374 1372)
4(1332 1334 1376 1374)
4(1334 1336 1378 1376)
4(1336 1338 1380 1378)
4(1338 1340 1382 1380)
4(1340 1342 1384 1382)
4(1344 1346 1388 1386)
4(1346 1348 1390 1388)
4(1348 1350 1392 1390)
4(1350 1352 1394 1392)
4(1352 1354 1396 1394)
4(1354 1356 1398 1396)
4(1356 1358 1400 1398)
4(1358 1360 1402 1400)
4(1360 1362 1404 1402)
4(1362 1364 1406 1404)
4(1364 1366 1408 1406)
4(1366 1368 1410 1408)
4(1368 1370 1412 1410)
4(1370 1372 1414 1412)
4(1372 1374 1416 1414)
4(1374 1376 1418 1416)
4(1376 1378 1420 1418)
4(1378 1380 1422 1420)
4(1380 1382 1424 1422)
4(1382 1384 1426 1424)
4(1386 1388 1430 1428)
4(1388 1390 1432 1430)
4(1390 1392 1434 1432)
4(1392 1394 1436 1434)
4(1394 1396 1438 1436)
4(1396 1398 1440 1438)
4(1398 1400 1442 1440)
4(1400 1402 1444 1442)
4(1402 1404 1446 1444)
4(1404 1406 1448 1446)
4(1406 1408 1450 1448)
4(1408 1410 1452 1450)
4(1410 1412 1454 1452)
4(1412 1414 1456 1454)
4(1414 1416 1458 1456)
4(1416 1418 1460 1458)
4(1418 1420 1462 1460)
4(1420 1422 1464 1462)
4(1422 1424 1466 1464)
4(1424 1426 1468 1466)
4(1428 1430 1472 1470)
4(1430 1432 1474 1472)
4(1432 1434 1476 1474)
4(1434 1436 1478 1476)
4(1436 1438 1480 1478)
4(1438 1440 1482 1480)
4(1440 1442 1484 1482)
4(1442 1444 1486 1484)
4(1444 1446 1488 1486)
4(1446 1448 1490 1488)
4(1448 1450 1492 1490)
4(1450 1452 1494 1492)
4(1452 1454 1496 1494)
4(1454 1456 1498 1496)
4(1456 1458 1500 1498)
4(1458 1460 1502 1500)
4(1460 1462 1504 1502)
4(1462 1464 1506 1504)
4(1464 1466 1508 1506)
4(1466 1468 1510 1508)
4(1470 1472 1514 1512)
4(1472 1474 1516 1514)
4(1474 1476 1518 1516)
4(1476 1478 1520 1518)
4(1478 1480 1522 1520)
4(1480 1482 1524 1522)
4(1482 1484 1526 1524)
4(1484 1486 1528 1526)
4(1486 1488 1530 1528)
4(1488 1490 1532 1530)
4(1490 1492 1534 1532)
4(1492 1494 1536 1534)
4(1494 1496 1538 1536)
4(1496 1498 1540 1538)
4(1498 1500 1542 1540)
4(1500 1502 1544 1542)
4(1502 1504 1546 1544)
4(1504 1506 1548 1546)
4(1506 1508 1550 1548)
4(1508 1510 1552 1550)
4(1512 1514 1556 1554)
4(1514 1516 1558 1556)
4(1516 1518 1560 1558)
4(1518 1520 1562 1560)
4(1520 1522 1564 1562)
4(1522 1524 1566 1564)
4(1524 1526 1568 1566)
4(1526 1528 1570 1568)
4(1528 1530 1572 1570)
4(1530 1532 1574 1572)
4(1532 1534 1576 1574)
4(1534 1536 1578 1576)
4(1536 1538 1580 1578)
4(1538 1540 1582 1580)
4(1540 1542 1584 1582)
4(1542 1544 1586 1584)
4(1544 1546 1588 1586)
4(1546 1548 1590 1588)
4(1548 1550 1592 1590)
4(1550 1552 1594 1592)
4(1554 1556 1598 1596)
4(1556 1558 1600 1598)
4(1558 1560 1602 1600)
4(1560 1562 1604 1602)
4(1562 1564 1606 1604)
4(1564 1566 1608 1606)
4(1566 1568 1610 1608)
4(1568 1570 1612 1610)
4(1570 1572 1614 1612)
4(1572 1574 1616 1614)
4(1574 1576 1618 1616)
4(1576 1578 1620 1618)
4(1578 1580 1622 1620)
4(1580 1582 1624 1622)
4(1582 1584 1626 1624)
4(1584 1586 1628 1626)
4(1586 1588 1630 1628)
4(1588 1590 1632 1630)
4(1590 1592 1634 1632)
4(1592 1594 1636 1634)
4(1596 1598 1640 1638)
4(1598 1600 1642 1640)
4(1600 1602 1644 1642)
4(1602 1604 1646 1644)
4(1604 1606 1648 1646)
4(1606 1608 1650 1648)
4(1608 1610 1652 1650)
4(1610 1612 1654 1652)
4(1612 1614 1656 1654)
4(1614 1616 1658 1656)
4(1616 1618 1660 1658)
4(1618 1620 1662 1660)
4(1620 1622 1664 1662)
4(1622 1624 1666 1664)
4(1624 1626 1668 1666)
4(1626 1628 1670 1668)
4(1628 1630 1672 1670)
4(1630 1632 1674 1672)
4(1632 1634 1676 1674)
4(1634 1636 1678 1676)
4(1638 1640 1682 1680)
4(1640 1642 1684 1682)
4(1642 1644 1686 1684)
4(1644 1646 1688 1686)
4(1646 1648 1690 1688)
4(1648 1650 1692 1690)
4(1650 1652 1694 1692)
4(1652 1654 1696 1694)
4(1654 1656 1698 1696)
4(1656 1658 1700 1698)
4(1658 1660 1702 1700)
4(1660 1662 1704 1702)
4(1662 1664 1706 1704)
4(1664 1666 1708 1706)
4(1666 1668 1710 1708)
4(1668 1670 1712 1710)
4(1670 1672 1714 1712)
4(1672 1674 1716 1714)
4(1674 1676 1718 1716)
4(1676 1678 1720 1718)
4(1680 1682 1724 1722)
4(1682 1684 1726 1724)
4(1684 1686 1728 1726)
4(1686 1688 1730 1728)
4(1688 1690 1732 1730)
4(1690 1692 1734 1732)
4(1692 1694 1736 1734)
4(1694 1696 1738 1736)
4(1696 1698 1740 1738)
4(1698 1700 1742 1740)
4(1700 1702 1744 1742)
4(1702 1704 1746 1744)
4(1704 1706 1748 1746)
4(1706 1708 1750 1748)
4(1708 1710 1752 1750)
4(1710 1712 1754 1752)
4(1712 1714 1756 1754)
4(1714 1716 1758 1756)
4(1716 1718 1760 1758)
4(1718 1720 1762 1760)
4(1722 1724 1766 1764)
4(1724 1726 1768 1766)
4(1726 1728 1770 1768)
4(1728 1730 1772 1770)
4(1730 1732 1774 1772)
4(1732 1734 1776 1774)
4(1734 1736 1778 1776)
4(1736 1738 1780 1778)
4(1738 1740 1782 1780)
4(1740 1742 1784 1782)
4(1742 1744 1786 1784)
4(1744 1746 1788 1786)
4(1746 1748 1790 1788)
4(1748 1750 1792 1790)
4(1750 1752 1794 1792)
4(1752 1754 1796 1794)
4(1754 1756 1798 1796)
4(1756 1758 1800 1798)
4(1758 1760 1802 1800)
4(1760 1762 1804 1802)
4(1764 1766 1808 1806)
4(1766 1768 1810 1808)
4(1768 1770 1812 1810)
4(1770 1772 1814 1812)
4(1772 1774 1816 1814)
4(1774 1776 1818 1816)
4(1776 1778 1820 1818)
4(1778 1780 1822 1820)
4(1780 1782 1824 1822)
4(1782 1784 1826 1824)
4(1784 1786 1828 1826)
4(1786 1788 1830 1828)
4(1788 1790 1832 1830)
4(1790 1792 1834 1832)
4(1792 1794 1836 1834)
4(1794 1796 1838 1836)
4(1796 1798 1840 1838)
4(1798 1800 1842 1840)
4(1800 1802 1844 1842)
4(1802 1804 1846 1844)
4(1806 1808 1850 1848)
4(1808 1810 1852 1850)
4(1810 1812 1854 1852)
4(1812 1814 1856 1854)
4(1814 1816 1858 1856)
4(1816 1818 1860 1858)
4(1818 1820 1862 1860)
4(1820 1822 1864 1862)
4(1822 1824 1866 1864)
4(1824 1826 1868 1866)
4(1826 1828 1870 1868)
4(1828 1830 1872 1870)
4(1830 1832 1874 1872)
4(1832 1834 1876 1874)
4(1834 1836 1878 1876)
4(1836 1838 1880 1878)
4(1838 1840 1882 1880)
4(1840 1842 1884 1882)
4(1842 1844 1886 1884)
4(1844 1846 1888 1886)
4(1848 1850 1892 1890)
4(1850 1852 1894 1892)
4(1852 1854 1896 1894)
4(1854 1856 1898 1896)
4(1856 1858 1900 1898)
4(1858 1860 1902 1900)
4(1860 1862 1904 1902)
4(1862 1864 1906 1904)
4(1864 1866 1908 1906)
4(1866 1868 1910 1908)
4(1868 1870 1912 1910)
4(1870 1872 1914 1912)
4(1872 1874 1916 1914)
4(1874 1876 1918 1916)
4(1876 1878 1920 1918)
4(1878 1880 1922 1920)
4(1880 1882 1924 1922)
4(1882 1884 1926 1924)
4(1884 1886 1928 1926)
4(1886 1888 1930 1928)
4(1890 1892 1934 1932)
4(1892 1894 1936 1934)
4(1894 1896 1938 1936)
4(1896 1898 1940 1938)
4(1898 1900 1942 1940)
4(1900 1902 1944 1942)
4(1902 1904 1946 1944)
4(1904 1906 1948 1946)
4(1906 1908 1950 1948)
4(1908 1910 1952 1950)
4(1910 1912 1954 1952)
4(1912 1914 1956 1954)
4(1914 1916 1958 1956)
4(1916 1918 1960 1958)
4(1918 1920 1962 1960)
4(1920 1922 1964 1962)
4(1922 1924 1966 1964)
4(1924 1926 1968 1966)
4(1926 1928 1970 1968)
4(1928 1930 1972 1970)
4(1932 1934 1976 1974)
4(1934 1936 1978 1976)
4(1936 1938 1980 1978)
4(1938 1940 1982 1980)
4(1940 1942 1984 1982)
4(1942 1944 1986 1984)
4(1944 1946 1988 1986)
4(1946 1948 1990 1988)
4(1948 1950 1992 1990)
4(1950 1952 1994 1992)
4(1952 1954 1996 1994)
4(1954 1956 1998 1996)
4(1956 1958 2000 1998)
4(1958 1960 2002 2000)
4(1960 1962 2004 2002)
4(1962 1964 2006 2004)
4(1964 1966 2008 2006)
4(1966 1968 2010 2008)
4(1968 1970 2012 2010)
4(1970 1972 2014 2012)
4(1974 1976 2018 2016)
4(1976 1978 2020 2018)
4(1978 1980 2022 2020)
4(1980 1982 2024 2022)
4(1982 1984 2026 2024)
4(1984 1986 2028 2026)
4(1986 1988 2030 2028)
4(1988 1990 2032 2030)
4(1990 1992 2034 2032)
4(1992 1994 2036 2034)
4(1994 1996 2038 2036)
4(1996 1998 2040 2038)
4(1998 2000 2042 2040)
4(2000 2002 2044 2042)
4(2002 2004 2046 2044)
4(2004 2006 2048 2046)
4(2006 2008 2050 2048)
4(2008 2010 2052 2050)
4(2010 2012 2054 2052)
4(2012 2014 2056 2054)
4(2016 2018 2060 2058)
4(2018 2020 2062 2060)
4(2020 2022 2064 2062)
4(2022 2024 2066 2064)
4(2024 2026 2068 2066)
4(2026 2028 2070 2068)
4(2028 2030 2072 2070)
4(2030 2032 2074 2072)
4(2032 2034 2076 2074)
4(2034 2036 2078 2076)
4(2036 2038 2080 2078)
4(2038 2040 2082 2080)
4(2040 2042 2084 2082)
4(2042 2044 2086 2084)
4(2044 2046 2088 2086)
4(2046 2048 2090 2088)
4(2048 2050 2092 2090)
4(2050 2052 2094 2092)
4(2052 2054 2096 2094)
4(2054 2056 2098 2096)
4(2058 2060 2102 2100)
4(2060 2062 2104 2102)
4(2062 2064 2106 2104)
4(2064 2066 2108 2106)
4(2066 2068 2110 2108)
4(2068 2070 2112 2110)
4(2070 2072 2114 2112)
4(2072 2074 2116 2114)
4(2074 2076 2118 2116)
4(2076 2078 2120 2118)
4(2078 2080 2122 2120)
4(2080 2082 2124 2122)
4(2082 2084 2126 2124)
4(2084 2086 2128 2126)
4(2086 2088 2130 2128)
4(2088 2090 2132 2130)
4(2090 2092 2134 2132)
4(2092 2094 2136 2134)
4(2094 2096 2138 2136)
4(2096 2098 2140 2138)
4(2100 2102 2144 2142)
4(2102 2104 2146 2144)
4(2104 2106 2148 2146)
4(2106 2108 2150 2148)
4(2108 2110 2152 2150)
4(2110 2112 2154 2152)
4(2112 2114 2156 2154)
4(2114 2116 2158 2156)
4(2116 2118 2160 2158)
4(2118 2120 2162 2160)
4(2120 2122 2164 2162)
4(2122 2124 2166 2164)
4(2124 2126 2168 2166)
4(2126 2128 2170 2168)
4(2128 2130 2172 2170)
4(2130 2132 2174 2172)
4(2132 2134 2176 2174)
4(2134 2136 2178 2176)
4(2136 2138 2180 2178)
4(2138 2140 2182 2180)
4(2142 2144 2186 2184)
4(2144 2146 2188 2186)
4(2146 2148 2190 2188)
4(2148 2150 2192 2190)
4(2150 2152 2194 2192)
4(2152 2154 2196 2194)
4(2154 2156 2198 2196)
4(2156 2158 2200 2198)
4(2158 2160 2202 2200)
4(2160 2162 2204 2202)
4(2162 2164 2206 2204)
4(2164 2166 2208 2206)
4(2166 2168 2210 2208)
4(2168 2170 2212 2210)
4(2170 2172 2214 2212)
4(2172 2174 2216 2214)
4(2174 2176 2218 2216)
4(2176 2178 2220 2218)
4(2178 2180 2222 2220)
4(2180 2182 2224 2222)
4(2184 2186 2228 2226)
4(2186 2188 2230 2228)
4(2188 2190 2232 2230)
4(2190 2192 2234 2232)
4(2192 2194 2236 2234)
4(2194 2196 2238 2236)
4(2196 2198 2240 2238)
4(2198 2200 2242 2240)
4(2200 2202 2244 2242)
4(2202 2204 2246 2244)
4(2204 2206 2248 2246)
4(2206 2208 2250 2248)
4(2208 2210 2252 2250)
4(2210 2212 2254 2252)
4(2212 2214 2256 2254)
4(2214 2216 2258 2256)
4(2216 2218 2260 2258)
4(2218 2220 2262 2260)
4(2220 2222 2264 2262)
4(2222 2224 2266 2264)
4(2226 2228 2270 2268)
4(2228 2230 2272 2270)
4(2230 2232 2274 2272)
4(2232 2234 2276 2274)
4(2234 2236 2278 2276)
4(2236 2238 2280 2278)
4(2238 2240 2282 2280)
4(2240 2242 2284 2282)
4(2242 2244 2286 2284)
4(2244 2246 2288 2286)
4(2246 2248 2290 2288)
4(2248 2250 2292 2290)
4(2250 2252 2294 2292)
4(2252 2254 2296 2294)
4(2254 2256 2298 2296)
4(2256 2258 2300 2298)
4(2258 2260 2302 2300)
4(2260 2262 2304 2302)
4(2262 2264 2306 2304)
4(2264 2266 2308 2306)
4(2268 2270 2312 2310)
4(2270 2272 2314 2312)
4(2272 2274 2316 2314)
4(2274 2276 2318 2316)
4(2276 2278 2320 2318)
4(2278 2280 2322 2320)
4(2280 2282 2324 2322)
4(2282 2284 2326 2324)
4(2284 2286 2328 2326)
4(2286 2288 2330 2328)
4(2288 2290 2332 2330)
4(2290 2292 2334 2332)
4(2292 2294 2336 2334)
4(2294 2296 2338 2336)
4(2296 2298 2340 2338)
4(2298 2300 2342 2340)
4(2300 2302 2344 2342)
4(2302 2304 2346 2344)
4(2304 2306 2348 2346)
4(2306 2308 2350 2348)
4(2310 2312 2354 2352)
4(2312 2314 2356 2354)
4(2314 2316 2358 2356)
4(2316 2318 2360 2358)
4(2318 2320 2362 2360)
4(2320 2322 2364 2362)
4(2322 2324 2366 2364)
4(2324 2326 2368 2366)
4(2326 2328 2370 2368)
4(2328 2330 2372 2370)
4(2330 2332 2374 2372)
4(2332 2334 2376 2374)
4(2334 2336 2378 2376)
4(2336 2338 2380 2378)
4(2338 2340 2382 2380)
4(2340 2342 2384 2382)
4(2342 2344 2386 2384)
4(2344 2346 2388 2386)
4(2346 2348 2390 2388)
4(2348 2350 2392 2390)
4(2352 2354 2396 2394)
4(2354 2356 2398 2396)
4(2356 2358 2400 2398)
4(2358 2360 2402 2400)
4(2360 2362 2404 2402)
4(2362 2364 2406 2404)
4(2364 2366 2408 2406)
4(2366 2368 2410 2408)
4(2368 2370 2412 2410)
4(2370 2372 2414 2412)
4(2372 2374 2416 2414)
4(2374 2376 2418 2416)
4(2376 2378 2420 2418)
4(2378 2380 2422 2420)
4(2380 2382 2424 2422)
4(2382 2384 2426 2424)
4(2384 2386 2428 2426)
4(2386 2388 2430 2428)
4(2388 2390 2432 2430)
4(2390 2392 2434 2432)
4(2394 2396 2438 2436)
4(2396 2398 2440 2438)
4(2398 2400 2442 2440)
4(2400 2402 2444 2442)
4(2402 2404 2446 2444)
4(2404 2406 2448 2446)
4(2406 2408 2450 2448)
4(2408 2410 2452 2450)
4(2410 2412 2454 2452)
4(2412 2414 2456 2454)
4(2414 2416 2458 2456)
4(2416 2418 2460 2458)
4(2418 2420 2462 2460)
4(2420 2422 2464 2462)
4(2422 2424 2466 2464)
4(2424 2426 2468 2466)
4(2426 2428 2470 2468)
4(2428 2430 2472 2470)
4(2430 2432 2474 2472)
4(2432 2434 2476 2474)
4(2436 2438 2480 2478)
4(2438 2440 2482 2480)
4(2440 2442 2484 2482)
4(2442 2444 2486 2484)
4(2444 2446 2488 2486)
4(2446 2448 2490 2488)
4(2448 2450 2492 2490)
4(2450 2452 2494 2492)
4(2452 2454 2496 2494)
4(2454 2456 2498 2496)
4(2456 2458 2500 2498)
4(2458 2460 2502 2500)
4(2460 2462 2504 2502)
4(2462 2464 2506 2504)
4(2464 2466 2508 2506)
4(2466 2468 2510 2508)
4(2468 2470 2512 2510)
4(2470 2472 2514 2512)
4(2472 2474 2516 2514)
4(2474 2476 2518 2516)
4(2478 2480 2522 2520)
4(2480 2482 2524 2522)
4(2482 2484 2526 2524)
4(2484 2486 2528 2526)
4(2486 2488 2530 2528)
4(2488 2490 2532 2530)
4(2490 2492 2534 2532)
4(2492 2494 2536 2534)
4(2494 2496 2538 2536)
4(2496 2498 2540 2538)
4(2498 2500 2542 2540)
4(2500 2502 2544 2542)
4(2502 2504 2546 2544)
4(2504 2506 2548 2546)
4(2506 2508 2550 2548)
4(2508 2510 2552 2550)
4(2510 2512 2554 2552)
4(2512 2514 2556 2554)
4(2514 2516 2558 2556)
4(2516 2518 2560 2558)
4(1 43 45 3)
4(3 45 47 5)
4(5 47 49 7)
4(7 49 51 9)
4(9 51 53 11)
4(11 53 55 13)
4(13 55 57 15)
4(15 57 59 17)
4(17 59 61 19)
4(19 61 63 21)
4(21 63 65 23)
4(23 65 67 25)
4(25 67 69 27)
4(27 69 71 29)
4(29 71 73 31)
4(31 73 75 33)
4(33 75 77 35)
4(35 77 79 37)
4(37 79 81 39)
4(39 81 83 41)
4(43 85 87 45)
4(45 87 89 47)
4(47 89 91 49)
4(49 91 93 51)
4(51 93 95 53)
4(53 95 97 55)
4(55 97 99 57)
4(57 99 101 59)
4(59 101 103 61)
4(61 103 105 63)
4(63 105 107 65)
4(65 107 109 67)
4(67 109 111 69)
4(69 111 113 71)
4(71 113 115 73)
4(73 115 117 75)
4(75 117 119 77)
4(77 119 121 79)
4(79 121 123 81)
4(81 123 125 83)
4(85 127 129 87)
4(87 129 131 89)
4(89 131 133 91)
4(91 133 135 93)
4(93 135 137 95)
4(95 137 139 97)
4(97 139 141 99)
4(99 141 143 101)
4(101 143 145 103)
4(103 145 147 105)
4(105 147 149 107)
4(107 149 151 109)
4(109 151 153 111)
4(111 153 155 113)
4(113 155 157 115)
4(115 157 159 117)
4(117 159 161 119)
4(119 161 163 121)
4(121 163 165 123)
4(123 165 167 125)
4(127 169 171 129)
4(129 171 173 131)
4(131 173 175 133)
4(133 175 177 135)
4(135 177 179 137)
4(137 179 181 139)
4(139 181 183 141)
4(141 183 185 143)
4(143 185 187 145)
4(145 187 189 147)
4(147 189 191 149)
4(149 191 193 151)
4(151 193 195 153)
4(153 195 197 155)
4(155 197 199 157)
4(157 199 201 159)
4(159 201 203 161)
4(161 203 205 163)
4(163 205 207 165)
4(165 207 209 167)
4(169 211 213 171)
4(171 213 215 173)
4(173 215 217 175)
4(175 217 219 177)
4(177 219 221 179)
4(179 221 223 181)
4(181 223 225 183)
4(183 225 227 185)
4(185 227 229 187)
4(187 229 231 189)
4(189 231 233 191)
4(191 233 235 193)
4(193 235 237 195)
4(195 237 239 197)
4(197 239 241 199)
4(199 241 243 201)
4(201 243 245 203)
4(203 245 247 205)
4(205 247 249 207)
4(207 249 251 209)
4(211 253 255 213)
4(213 255 257 215)
4(215 257 259 217)
4(217 259 261 219)
4(219 261 263 221)
4(221 263 265 223)
4(223 265 267 225)
4(225 267 269 227)
4(227 269 271 229)
4(229 271 273 231)
4(231 273 275 233)
4(233 275 277 235)
4(235 277 279 237)
4(237 279 281 239)
4(239 281 283 241)
4(241 283 285 243)
4(243 285 287 245)
4(245 287 289 247)
4(247 289 291 249)
4(249 291 293 251)
4(253 295 297 255)
4(255 297 299 257)
4(257 299 301 259)
4(259 301 303 261)
4(261 303 305 263)
4(263 305 307 265)
4(265 307 309 267)
4(267 309 311 269)
4(269 311 313 271)
4(271 313 315 273)
4(273 315 317 275)
4(275 317 319 277)
4(277 319 321 279)
4(279 321 323 281)
4(281 323 325 283)
4(283 325 327 285)
4(285 327 329 287)
4(287 329 331 289)
4(289 331 333 291)
4(291 333 335 293)
4(295 337 339 297)
4(297 339 341 299)
4(299 341 343 301)
4(301 343 345 303)
4(303 345 347 305)
4(305 347 349 307)
4(307 349 351 309)
4(309 351 353 311)
4(311 353 355 313)
4(313 355 357 315)
4(315 357 359 317)
4(317 359 361 319)
4(319 361 363 321)
4(321 363 365 323)
4(323 365 367 325)
4(325 367 369 327)
4(327 369 371 329)
4(329 371 373 331)
4(331 373 375 333)
4(333 375 377 335)
4(337 379 381 339)
4(339 381 383 341)
4(341 383 385 343)
4(343 385 387 345)
4(345 387 389 347)
4(347 389 391 349)
4(349 391 393 351)
4(351 393 395 353)
4(353 395 397 355)
4(355 397 399 357)
4(357 399 401 359)
4(359 401 403 361)
4(361 403 405 363)
4(363 405 407 365)
4(365 407 409 367)
4(367 409 411 369)
4(369 411 413 371)
4(371 413 415 373)
4(373 415 417 375)
4(375 417 419 377)
4(379 421 423 381)
4(381 423 425 383)
4(383 425 427 385)
4(385 427 429 387)
4(387 429 431 389)
4(389 431 433 391)
4(391 433 435 393)
4(393 435 437 395)
4(395 437 439 397)
4(397 439 441 399)
4(399 441 443 401)
4(401 443 445 403)
4(403 445 447 405)
4(405 447 449 407)
4(407 449 451 409)
4(409 451 453 411)
4(411 453 455 413)
4(413 455 457 415)
4(415 457 459 417)
4(417 459 461 419)
4(421 463 465 423)
4(423 465 467 425)
4(425 467 469 427)
4(427 469 471 429)
4(429 471 473 431)
4(431 473 475 433)
4(433 475 477 435)
4(435 477 479 437)
4(437 479 481 439)
4(439 481 483 441)
4(441 483 485 443)
4(443 485 487 445)
4(445 487 489 447)
4(447 489 491 449)
4(449 491 493 451)
4(451 493 495 453)
4(453 495 497 455)
4(455 497 499 457)
4(457 499 501 459)
4(459 501 503 461)
4(463 505 507 465)
4(465 507 509 467)
4(467 509 511 469)
4(469 511 513 471)
4(471 513 515 473)
4(473 515 517 475)
4(475 517 519 477)
4(477 519 521 479)
4(479 521 523 481)
4(481 523 525 483)
4(483 525 527 485)
4(485 527 529 487)
4(487 529 531 489)
4(489 531 533 491)
4(491 533 535 493)
4(493 535 537 495)
4(495 537 539 497)
4(497 539 541 499)
4(499 541 543 501)
4(501 543 545 503)
4(505 547 549 507)
4(507 549 551 509)
4(509 551 553 511)
4(511 553 555 513)
4(513 555 557 515)
4(515 557 559 517)
4(517 559 561 519)
4(519 561 563 521)
4(521 563 565 523)
4(523 565 567 525)
4(525 567 569 527)
4(527 569 571 529)
4(529 571 573 531)
4(531 573 575 533)
4(533 575 577 535)
4(535 577 579 537)
4(537 579 581 539)
4(539 581 583 541)
4(541 583 585 543)
4(543 585 587 545)
4(547 589 591 549)
4(549 591 593 551)
4(551 593 595 553)
4(553 595 597 555)
4(555 597 599 557)
4(557 599 601 559)
4(559 601 603 561)
4(561 603 605 563)
4(563 605 607 565)
4(565 607 609 567)
4(567 609 611 569)
4(569 611 613 571)
4(571 613 615 573)
4(573 615 617 575)
4(575 617 619 577)
4(577 619 621 579)
4(579 621 623 581)
4(581 623 625 583)
4(583 625 627 585)
4(585 627 629 587)
4(589 631 633 591)
4(591 633 635 593)
4(593 635 637 595)
4(595 637 639 597)
4(597 639 641 599)
4(599 641 643 601)
4(601 643 645 603)
4(603 645 647 605)
4(605 647 649 607)
4(607 649 651 609)
4(609 651 653 611)
4(611 653 655 613)
4(613 655 657 615)
4(615 657 659 617)
4(617 659 661 619)
4(619 661 663 621)
4(621 663 665 623)
4(623 665 667 625)
4(625 667 669 627)
4(627 669 671 629)
4(631 673 675 633)
4(633 675 677 635)
4(635 677 679 637)
4(637 679 681 639)
4(639 681 683 641)
4(641 683 685 643)
4(643 685 687 645)
4(645 687 689 647)
4(647 689 691 649)
4(649 691 693 651)
4(651 693 695 653)
4(653 695 697 655)
4(655 697 699 657)
4(657 699 701 659)
4(659 701 703 661)
4(661 703 705 663)
4(663 705 707 665)
4(665 707 709 667)
4(667 709 711 669)
4(669 711 713 671)
4(673 715 717 675)
4(675 717 719 677)
4(677 719 721 679)
4(679 721 723 681)
4(681 723 725 683)
4(683 725 727 685)
4(685 727 729 687)
4(687 729 731 689)
4(689 731 733 691)
4(691 733 735 693)
4(693 735 737 695)
4(695 737 739 697)
4(697 739 741 699)
4(699 741 743 701)
4(701 743 745 703)
4(703 745 747 705)
4(705 747 749 707)
4(707 749 751 709)
4(709 751 753 711)
4(711 753 755 713)
4(715 757 759 717)
4(717 759 761 719)
4(719 761 763 721)
4(721 763 765 723)
4(723 765 767 725)
4(725 767 769 727)
4(727 769 771 729)
4(729 771 773 731)
4(731 773 775 733)
4(733 775 777 735)
4(735 777 779 737)
4(737 779 781 739)
4(739 781 783 741)
4(741 783 785 743)
4(743 785 787 745)
4(745 787 789 747)
4(747 789 791 749)
4(749 791 793 751)
4(751 793 795 753)
4(753 795 797 755)
4(757 799 801 759)
4(759 801 803 761)
4(761 803 805 763)
4(763 805 807 765)
4(765 807 809 767)
4(767 809 811 769)
4(769 811 813 771)
4(771 813 815 773)
4(773 815 817 775)
4(775 817 819 777)
4(777 819 821 779)
4(779 821 823 781)
4(781 823 825 783)
4(783 825 827 785)
4(785 827 829 787)
4(787 829 831 789)
4(789 831 833 791)
4(791 833 835 793)
4(793 835 837 795)
4(795 837 839 797)
4(799 841 843 801)
4(801 843 845 803)
4(803 845 847 805)
4(805 847 849 807)
4(807 849 851 809)
4(809 851 853 811)
4(811 853 855 813)
4(813 855 857 815)
4(815 857 859 817)
4(817 859 861 819)
4(819 861 863 821)
4(821 863 865 823)
4(823 865 867 825)
4(825 867 869 827)
4(827 869 871 829)
4(829 871 873 831)
4(831 873 875 833)
4(833 875 877 835)
4(835 877 879 837)
4(837 879 881 839)
4(841 883 885 843)
4(843 885 887 845)
4(845 887 889 847)
4(847 889 891 849)
4(849 891 893 851)
4(851 893 895 853)
4(853 895 897 855)
4(855 897 899 857)
4(857 899 901 859)
4(859 901 903 861)
4(861 903 905 863)
4(863 905 907 865)
4(865 907 909 867)
4(867 909 911 869)
4(869 911 913 871)
4(871 913 915 873)
4(873 915 917 875)
4(875 917 919 877)
4(877 919 921 879)
4(879 921 923 881)
4(883 925 927 885)
4(885 927 929 887)
4(887 929 931 889)
4(889 931 933 891)
4(891 933 935 893)
4(893 935 937 895)
4(895 937 939 897)
4(897 939 941 899)
4(899 941 943 901)
4(901 943 945 903)
4(903 945 947 905)
4(905 947 949 907)
4(907 949 951 909)
4(909 951 953 911)
4(911 953 955 913)
4(913 955 957 915)
4(915 957 959 917)
4(917 959 961 919)
4(919 961 963 921)
4(921 963 965 923)
4(925 967 969 927)
4(927 969 971 929)
4(929 971 973 931)
4(931 973 975 933)
4(933 975 977 935)
4(935 977 979 937)
4(937 979 981 939)
4(939 981 983 941)
4(941 983 985 943)
4(943 985 987 945)
4(945 987 989 947)
4(947 989 991 949)
4(949 991 993 951)
4(951 993 995 953)
4(953 995 997 955)
4(955 997 999 957)
4(957 999 1001 959)
4(959 1001 1003 961)
4(961 1003 1005 963)
4(963 1005 1007 965)
4(967 1009 1011 969)
4(969 1011 1013 971)
4(971 1013 1015 973)
4(973 1015 1017 975)
4(975 1017 1019 977)
4(977 1019 1021 979)
4(979 1021 1023 981)
4(981 1023 1025 983)
4(983 1025 1027 985)
4(985 1027 1029 987)
4(987 1029 1031 989)
4(989 1031 1033 991)
4(991 1033 1035 993)
4(993 1035 1037 995)
4(995 1037 1039 997)
4(997 1039 1041 999)
4(999 1041 1043 1001)
4(1001 1043 1045 1003)
4(1003 1045 1047 1005)
4(1005 1047 1049 1007)
4(1009 1051 1053 1011)
4(1011 1053 1055 1013)
4(1013 1055 1057 1015)
4(1015 1057 1059 1017)
4(1017 1059 1061 1019)
4(1019 1061 1063 1021)
4(1021 1063 1065 1023)
4(1023 1065 1067 1025)
4(1025 1067 1069 1027)
4(1027 1069 1071 1029)
4(1029 1071 1073 1031)
4(1031 1073 1075 1033)
4(1033 1075 1077 1035)
4(1035 1077 1079 1037)
4(1037 1079 1081 1039)
4(1039 1081 1083 1041)
4(1041 1083 1085 1043)
4(1043 1085 1087 1045)
4(1045 1087 1089 1047)
4(1047 1089 1091 1049)
4(1051 1093 1095 1053)
4(1053 1095 1097 1055)
4(1055 1097 1099 1057)
4(1057 1099 1101 1059)
4(1059 1101 1103 1061)
4(1061 1103 1105 1063)
4(1063 1105 1107 1065)
4(1065 1107 1109 1067)
4(1067 1109 1111 1069)
4(1069 1111 1113 1071)
4(1071 1113 1115 1073)
4(1073 1115 1117 1075)
4(1075 1117 1119 1077)
4(1077 1119 1121 1079)
4(1079 1121 1123 1081)
4(1081 1123 1125 1083)
4(1083 1125 1127 1085)
4(1085 1127 1129 1087)
4(1087 1129 1131 1089)
4(1089 1131 1133 1091)
4(1093 1135 1137 1095)
4(1095 1137 1139 1097)
4(1097 1139 1141 1099)
4(1099 1141 1143 1101)
4(1101 1143 1145 1103)
4(1103 1145 1147 1105)
4(1105 1147 1149 1107)
4(1107 1149 1151 1109)
4(1109 1151 1153 1111)
4(1111 1153 1155 1113)
4(1113 1155 1157 1115)
4(1115 1157 1159 1117)
4(1117 1159 1161 1119)
4(1119 1161 1163 1121)
4(1121 1163 1165 1123)
4(1123 1165 1167 1125)
4(1125 1167 1169 1127)
4(1127 1169 1171 1129)
4(1129 1171 1173 1131)
4(1131 1173 1175 1133)
4(1135 1177 1179 1137)
4(1137 1179 1181 1139)
4(1139 1181 1183 1141)
4(1141 1183 1185 1143)
4(1143 1185 1187 1145)
4(1145 1187 1189 1147)
4(1147 1189 1191 1149)
4(1149 1191 1193 1151)
4(1151 1193 1195 1153)
4(1153 1195 1197 1155)
4(1155 1197 1199 1157)
4(1157 1199 1201 1159)
4(1159 1201 1203 1161)
4(1161 1203 1205 1163)
4(1163 1205 1207 1165)
4(1165 1207 1209 1167)
4(1167 1209 1211 1169)
4(1169 1211 1213 1171)
4(1171 1213 1215 1173)
4(1173 1215 1217 1175)
4(1177 1219 1221 1179)
4(1179 1221 1223 1181)
4(1181 1223 1225 1183)
4(1183 1225 1227 1185)
4(1185 1227 1229 1187)
4(1187 1229 1231 1189)
4(1189 1231 1233 1191)
4(1191 1233 1235 1193)
4(1193 1235 1237 1195)
4(1195 1237 1239 1197)
4(1197 1239 1241 1199)
4(1199 1241 1243 1201)
4(1201 1243 1245 1203)
4(1203 1245 1247 1205)
4(1205 1247 1249 1207)
4(1207 1249 1251 1209)
4(1209 1251 1253 1211)
4(1211 1253 1255 1213)
4(1213 1255 1257 1215)
4(1215 1257 1259 1217)
4(1219 1261 1263 1221)
4(1221 1263 1265 1223)
4(1223 1265 1267 1225)
4(1225 1267 1269 1227)
4(1227 1269 1271 1229)
4(1229 1271 1273 1231)
4(1231 1273 1275 1233)
4(1233 1275 1277 1235)
4(1235 1277 1279 1237)
4(1237 1279 1281 1239)
4(1239 1281 1283 1241)
4(1241 1283 1285 1243)
4(1243 1285 1287 1245)
4(1245 1287 1289 1247)
4(1247 1289 1291 1249)
4(1249 1291 1293 1251)
4(1251 1293 1295 1253)
4(1253 1295 1297 1255)
4(1255 1297 1299 1257)
4(1257 1299 1301 1259)
4(1261 1303 1305 1263)
4(1263 1305 1307 1265)
4(1265 1307 1309 1267)
4(1267 1309 1311 1269)
4(1269 1311 1313 1271)
4(1271 1313 1315 1273)
4(1273 1315 1317 1275)
4(1275 1317 1319 1277)
4(1277 1319 1321 1279)
4(1279 1321 1323 1281)
4(1281 1323 1325 1283)
4(1283 1325 1327 1285)
4(1285 1327 1329 1287)
4(1287 1329 1331 1289)
4(1289 1331 1333 1291)
4(1291 1333 1335 1293)
4(1293 1335 1337 1295)
4(1295 1337 1339 1297)
4(1297 1339 1341 1299)
4(1299 1341 1343 1301)
4(1303 1345 1347 1305)
4(1305 1347 1349 1307)
4(1307 1349 1351 1309)
4(1309 1351 1353 1311)
4(1311 1353 1355 1313)
4(1313 1355 1357 1315)
4(1315 1357 1359 1317)
4(1317 1359 1361 1319)
4(1319 1361 1363 1321)
4(1321 1363 1365 1323)
4(1323 1365 1367 1325)
4(1325 1367 1369 1327)
4(1327 1369 1371 1329)
4(1329 1371 1373 1331)
4(1331 1373 1375 1333)
4(1333 1375 1377 1335)
4(1335 1377 1379 1337)
4(1337 1379 1381 1339)
4(1339 1381 1383 1341)
4(1341 1383 1385 1343)
4(1345 1387 1389 1347)
4(1347 1389 1391 1349)
4(1349 1391 1393 1351)
4(1351 1393 1395 1353)
4(1353 1395 1397 1355)
4(1355 1397 1399 1357)
4(1357 1399 1401 1359)
4(1359 1401 1403 1361)
4(1361 1403 1405 1363)
4(1363 1405 1407 1365)
4(1365 1407 1409 1367)
4(1367 1409 1411 1369)
4(1369 1411 1413 1371)
4(1371 1413 1415 1373)
4(1373 1415 1417 1375)
4(1375 1417 1419 1377)
4(1377 1419 1421 1379)
4(1379 1421 1423 1381)
4(1381 1423 1425 1383)
4(1383 1425 1427 1385)
4(1387 1429 1431 1389)
4(1389 1431 1433 1391)
4(1391 1433 1435 1393)
4(1393 1435 1437 1395)
4(1395 1437 1439 1397)
4(1397 1439 1441 1399)
4(1399 1441 1443 1401)
4(1401 1443 1445 1403)
4(1403 1445 1447 1405)
4(1405 1447 1449 1407)
4(1407 1449 1451 1409)
4(1409 1451 1453 1411)
4(1411 1453 1455 1413)
4(1413 1455 1457 1415)
4(1415 1457 1459 1417)
4(1417 1459 1461 1419)
4(1419 1461 1463 1421)
4(1421 1463 1465 1423)
4(1423 1465 1467 1425)
4(1425 1467 1469 1427)
4(1429 1471 1473 1431)
4(1431 1473 1475 1433)
4(1433 1475 1477 1435)
4(1435 1477 1479 1437)
4(1437 1479 1481 1439)
4(1439 1481 1483 1441)
4(1441 1483 1485 1443)
4(1443 1485 1487 1445)
4(1445 1487 1489 1447)
4(1447 1489 1491 1449)
4(1449 1491 1493 1451)
4(1451 1493 1495 1453)
4(1453 1495 1497 1455)
4(1455 1497 1499 1457)
4(1457 1499 1501 1459)
4(1459 1501 1503 1461)
4(1461 1503 1505 1463)
4(1463 1505 1507 1465)
4(1465 1507 1509 1467)
4(1467 1509 1511 1469)
4(1471 1513 1515 1473)
4(1473 1515 1517 1475)
4(1475 1517 1519 1477)
4(1477 1519 1521 1479)
4(1479 1521 1523 1481)
4(1481 1523 1525 1483)
4(1483 1525 1527 1485)
4(1485 1527 1529 1487)
4(1487 1529 1531 1489)
4(1489 1531 1533 1491)
4(1491 1533 1535 1493)
4(1493 1535 1537 1495)
4(1495 1537 1539 1497)
4(1497 1539 1541 1499)
4(1499 1541 1543 1501)
4(1501 1543 1545 1503)
4(1503 1545 1547 1505)
4(1505 1547 1549 1507)
4(1507 1549 1551 1509)
4(1509 1551 1553 1511)
4(1513 1555 1557 1515)
4(1515 1557 1559 1517)
4(1517 1559 1561 1519)
4(1519 1561 1563 1521)
4(1521 1563 1565 1523)
4(1523 1565 1567 1525)
4(1525 1567 1569 1527)
4(1527 1569 1571 1529)
4(1529 1571 1573 1531)
4(1531 1573 1575 1533)
4(1533 1575 1577 1535)
4(1535 1577 1579 1537)
4(1537 1579 1581 1539)
4(1539 1581 1583 1541)
4(1541 1583 1585 1543)
4(1543 1585 1587 1545)
4(1545 1587 1589 1547)
4(1547 1589 1591 1549)
4(1549 1591 1593 1551)
4(1551 1593 1595 1553)
4(1555 1597 1599 1557)
4(1557 1599 1601 1559)
4(1559 1601 1603 1561)
4(1561 1603 1605 1563)
4(1563 1605 1607 1565)
4(1565 1607 1609 1567)
4(1567 1609 1611 1569)
4(1569 1611 1613 1571)
4(1571 1613 1615 1573)
4(1573 1615 1617 1575)
4(1575 1617 1619 1577)
4(1577 1619 1621 1579)
4(1579 1621 1623 1581)
4(1581 1623 1625 1583)
4(1583 1625 1627 1585)
4(1585 1627 1629 1587)
4(1587 1629 1631 1589)
4(1589 1631 1633 1591)
4(1591 1633 1635 1593)
4(1593 1635 1637 1595)
4(1597 1639 1641 1599)
4(1599 1641 1643 1601)
4(1601 1643 1645 1603)
4(1603 1645 1647 1605)
4(1605 1647 1649 1607)
4(1607 1649 1651 1609)
4(1609 1651 1653 1611)
4(1611 1653 1655 1613)
4(1613 1655 1657 1615)
4(1615 1657 1659 1617)
4(1617 1659 1661 1619)
4(1619 1661 1663 1621)
4(1621 1663 1665 1623)
4(1623 1665 1667 1625)
4(1625 1667 1669 1627)
4(1627 1669 1671 1629)
4(1629 1671 1673 1631)
4(1631 1673 1675 1633)
4(1633 1675 1677 1635)
4(1635 1677 1679 1637)
4(1639 1681 1683 1641)
4(1641 1683 1685 1643)
4(1643 1685 1687 1645)
4(1645 1687 1689 1647)
4(1647 1689 1691 1649)
4(1649 1691 1693 1651)
4(1651 1693 1695 1653)
4(1653 1695 1697 1655)
4(1655 1697 1699 1657)
4(1657 1699 1701 1659)
4(1659 1701 1703 1661)
4(1661 1703 1705 1663)
4(1663 1705 1707 1665)
4(1665 1707 1709 1667)
4(1667 1709 1711 1669)
4(1669 1711 1713 1671)
4(1671 1713 1715 1673)
4(1673 1715 1717 1675)
4(1675 1717 1719 1677)
4(1677 1719 1721 1679)
4(1681 1723 1725 1683)
4(1683 1725 1727 1685)
4(1685 1727 1729 1687)
4(1687 1729 1731 1689)
4(1689 1731 1733 1691)
4(1691 1733 1735 1693)
4(1693 1735 1737 1695)
4(1695 1737 1739 1697)
4(1697 1739 1741 1699)
4(1699 1741 1743 1701)
4(1701 1743 1745 1703)
4(1703 1745 1747 1705)
4(1705 1747 1749 1707)
4(1707 1749 1751 1709)
4(1709 1751 1753 1711)
4(1711 1753 1755 1713)
4(1713 1755 1757 1715)
4(1715 1757 1759 1717)
4(1717 1759 1761 1719)
4(1719 1761 1763 1721)
4(1723 1765 1767 1725)
4(1725 1767 1769 1727)
4(1727 1769 1771 1729)
4(1729 1771 1773 1731)
4(1731 1773 1775 1733)
4(1733 1775 1777 1735)
4(1735 1777 1779 1737)
4(1737 1779 1781 1739)
4(1739 1781 1783 1741)
4(1741 1783 1785 1743)
4(1743 1785 1787 1745)
4(1745 1787 1789 1747)
4(1747 1789 1791 1749)
4(1749 1791 1793 1751)
4(1751 1793 1795 1753)
4(1753 1795 1797 1755)
4(1755 1797 1799 1757)
4(1757 1799 1801 1759)
4(1759 1801 1803 1761)
4(1761 1803 1805 1763)
4(1765 1807 1809 1767)
4(1767 1809 1811 1769)
4(1769 1811 1813 1771)
4(1771 1813 1815 1773)
4(1773 1815 1817 1775)
4(1775 1817 1819 1777)
4(1777 1819 1821 1779)
4(1779 1821 1823 1781)
4(1781 1823 1825 1783)
4(1783 1825 1827 1785)
4(1785 1827 1829 1787)
4(1787 1829 1831 1789)
4(1789 1831 1833 1791)
4(1791 1833 1835 1793)
4(1793 1835 1837 1795)
4(1795 1837 1839 1797)
4(1797 1839 1841 1799)
4(1799 1841 1843 1801)
4(1801 1843 1845 1803)
4(1803 1845 1847 1805)
4(1807 1849 1851 1809)
4(1809 1851 1853 1811)
4(1811 1853 1855 1813)
4(1813 1855 1857 1815)
4(1815 1857 1859 1817)
4(1817 1859 1861 1819)
4(1819 1861 1863 1821)
4(1821 1863 1865 1823)
4(1823 1865 1867 1825)
4(1825 1867 1869 1827)
4(1827 1869 1871 1829)
4(1829 1871 1873 1831)
4(1831 1873 1875 1833)
4(1833 1875 1877 1835)
4(1835 1877 1879 1837)
4(1837 1879 1881 1839)
4(1839 1881 1883 1841)
4(1841 1883 1885 1843)
4(1843 1885 1887 1845)
4(1845 1887 1889 1847)
4(1849 1891 1893 1851)
4(1851 1893 1895 1853)
4(1853 1895 1897 1855)
4(1855 1897 1899 1857)
4(1857 1899 1901 1859)
4(1859 1901 1903 1861)
4(1861 1903 1905 1863)
4(1863 1905 1907 1865)
4(1865 1907 1909 1867)
4(1867 1909 1911 1869)
4(1869 1911 1913 1871)
4(1871 1913 1915 1873)
4(1873 1915 1917 1875)
4(1875 1917 1919 1877)
4(1877 1919 1921 1879)
4(1879 1921 1923 1881)
4(1881 1923 1925 1883)
4(1883 1925 1927 1885)
4(1885 1927 1929 1887)
4(1887 1929 1931 1889)
4(1891 1933 1935 1893)
4(1893 1935 1937 1895)
4(1895 1937 1939 1897)
4(1897 1939 1941 1899)
4(1899 1941 1943 1901)
4(1901 1943 1945 1903)
4(1903 1945 1947 1905)
4(1905 1947 1949 1907)
4(1907 1949 1951 1909)
4(1909 1951 1953 1911)
4(1911 1953 1955 1913)
4(1913 1955 1957 1915)
4(1915 1957 1959 1917)
4(1917 1959 1961 1919)
4(1919 1961 1963 1921)
4(1921 1963 1965 1923)
4(1923 1965 1967 1925)
4(1925 1967 1969 1927)
4(1927 1969 1971 1929)
4(1929 1971 1973 1931)
4(1933 1975 1977 1935)
4(1935 1977 1979 1937)
4(1937 1979 1981 1939)
4(1939 1981 1983 1941)
4(1941 1983 1985 1943)
4(1943 1985 1987 1945)
4(1945 1987 1989 1947)
4(1947 1989 1991 1949)
4(1949 1991 1993 1951)
4(1951 1993 1995 1953)
4(1953 1995 1997 1955)
4(1955 1997 1999 1957)
4(1957 1999 2001 1959)
4(1959 2001 2003 1961)
4(1961 2003 2005 1963)
4(1963 2005 2007 1965)
4(1965 2007 2009 1967)
4(1967 2009 2011 1969)
4(1969 2011 2013 1971)
4(1971 2013 2015 1973)
4(1975 2017 2019 1977)
4(1977 2019 2021 1979)
4(1979 2021 2023 1981)
4(1981 2023 2025 1983)
4(1983 2025 2027 1985)
4(1985 2027 2029 1987)
4(1987 2029 2031 1989)
4(1989 2031 2033 1991)
4(1991 2033 2035 1993)
4(1993 2035 2037 1995)
4(1995 2037 2039 1997)
4(1997 2039 2041 1999)
4(1999 2041 2043 2001)
4(2001 2043 2045 2003)
4(2003 2045 2047 2005)
4(2005 2047 2049 2007)
4(2007 2049 2051 2009)
4(2009 2051 2053 2011)
4(2011 2053 2055 2013)
4(2013 2055 2057 2015)
4(2017 2059 2061 2019)
4(2019 2061 2063 2021)
4(2021 2063 2065 2023)
4(2023 2065 2067 2025)
4(2025 2067 2069 2027)
4(2027 2069 2071 2029)
4(2029 2071 2073 2031)
4(2031 2073 2075 2033)
4(2033 2075 2077 2035)
4(2035 2077 2079 2037)
4(2037 2079 2081 2039)
4(2039 2081 2083 2041)
4(2041 2083 2085 2043)
4(2043 2085 2087 2045)
4(2045 2087 2089 2047)
4(2047 2089 2091 2049)
4(2049 2091 2093 2051)
4(2051 2093 2095 2053)
4(2053 2095 2097 2055)
4(2055 2097 2099 2057)
4(2059 2101 2103 2061)
4(2061 2103 2105 2063)
4(2063 2105 2107 2065)
4(2065 2107 2109 2067)
4(2067 2109 2111 2069)
4(2069 2111 2113 2071)
4(2071 2113 2115 2073)
4(2073 2115 2117 2075)
4(2075 2117 2119 2077)
4(2077 2119 2121 2079)
4(2079 2121 2123 2081)
4(2081 2123 2125 2083)
4(2083 2125 2127 2085)
4(2085 2127 2129 2087)
4(2087 2129 2131 2089)
4(2089 2131 2133 2091)
4(2091 2133 2135 2093)
4(2093 2135 2137 2095)
4(2095 2137 2139 2097)
4(2097 2139 2141 2099)
4(2101 2143 2145 2103)
4(2103 2145 2147 2105)
4(2105 2147 2149 2107)
4(2107 2149 2151 2109)
4(2109 2151 2153 2111)
4(2111 2153 2155 2113)
4(2113 2155 2157 2115)
4(2115 2157 2159 2117)
4(2117 2159 2161 2119)
4(2119 2161 2163 2121)
4(2121 2163 2165 2123)
4(2123 2165 2167 2125)
4(2125 2167 2169 2127)
4(2127 2169 2171 2129)
4(2129 2171 2173 2131)
4(2131 2173 2175 2133)
4(2133 2175 2177 2135)
4(2135 2177 2179 2137)
4(2137 2179 2181 2139)
4(2139 2181 2183 2141)
4(2143 2185 2187 2145)
4(2145 2187 2189 2147)
4(2147 2189 2191 2149)
4(2149 2191 2193 2151)
4(2151 2193 2195 2153)
4(2153 2195 2197 2155)
4(2155 2197 2199 2157)
4(2157 2199 2201 2159)
4(2159 2201 2203 2161)
4(2161 2203 2205 2163)
4(2163 2205 2207 2165)
4(2165 2207 2209 2167)
4(2167 2209 2211 2169)
4(2169 2211 2213 2171)
4(2171 2213 2215 2173)
4(2173 2215 2217 2175)
4(2175 2217 2219 2177)
4(2177 2219 2221 2179)
4(2179 2221 2223 2181)
4(2181 2223 2225 2183)
4(2185 2227 2229 2187)
4(2187 2229 2231 2189)
4(2189 2231 2233 2191)
4(2191 2233 2235 2193)
4(2193 2235 2237 2195)
4(2195 2237 2239 2197)
4(2197 2239 2241 2199)
4(2199 2241 2243 2201)
4(2201 2243 2245 2203)
4(2203 2245 2247 2205)
4(2205 2247 2249 2207)
4(2207 2249 2251 2209)
4(2209 2251 2253 2211)
4(2211 2253 2255 2213)
4(2213 2255 2257 2215)
4(2215 2257 2259 2217)
4(2217 2259 2261 2219)
4(2219 2261 2263 2221)
4(2221 2263 2265 2223)
4(2223 2265 2267 2225)
4(2227 2269 2271 2229)
4(2229 2271 2273 2231)
4(2231 2273 2275 2233)
4(2233 2275 2277 2235)
4(2235 2277 2279 2237)
4(2237 2279 2281 2239)
4(2239 2281 2283 2241)
4(2241 2283 2285 2243)
4(2243 2285 2287 2245)
4(2245 2287 2289 2247)
4(2247 2289 2291 2249)
4(2249 2291 2293 2251)
4(2251 2293 2295 2253)
4(2253 2295 2297 2255)
4(2255 2297 2299 2257)
4(2257 2299 2301 2259)
4(2259 2301 2303 2261)
4(2261 2303 2305 2263)
4(2263 2305 2307 2265)
4(2265 2307 2309 2267)
4(2269 2311 2313 2271)
4(2271 2313 2315 2273)
4(2273 2315 2317 2275)
4(2275 2317 2319 2277)
4(2277 2319 2321 2279)
4(2279 2321 2323 2281)
4(2281 2323 2325 2283)
4(2283 2325 2327 2285)
4(2285 2327 2329 2287)
4(2287 2329 2331 2289)
4(2289 2331 2333 2291)
4(2291 2333 2335 2293)
4(2293 2335 2337 2295)
4(2295 2337 2339 2297)
4(2297 2339 2341 2299)
4(2299 2341 2343 2301)
4(2301 2343 2345 2303)
4(2303 2345 2347 2305)
4(2305 2347 2349 2307)
4(2307 2349 2351 2309)
4(2311 2353 2355 2313)
4(2313 2355 2357 2315)
4(2315 2357 2359 2317)
4(2317 2359 2361 2319)
4(2319 2361 2363 2321)
4(2321 2363 2365 2323)
4(2323 2365 2367 2325)
4(2325 2367 2369 2327)
4(2327 2369 2371 2329)
4(2329 2371 2373 2331)
4(2331 2373 2375 2333)
4(2333 2375 2377 2335)
4(2335 2377 2379 2337)
4(2337 2379 2381 2339)
4(2339 2381 2383 2341)
4(2341 2383 2385 2343)
4(2343 2385 2387 2345)
4(2345 2387 2389 2347)
4(2347 2389 2391 2349)
4(2349 2391 2393 2351)
4(2353 2395 2397 2355)
4(2355 2397 2399 2357)
4(2357 2399 2401 2359)
4(2359 2401 2403 2361)
4(2361 2403 2405 2363)
4(2363 2405 2407 2365)
4(2365 2407 2409 2367)
4(2367 2409 2411 2369)
4(2369 2411 2413 2371)
4(2371 2413 2415 2373)
4(2373 2415 2417 2375)
4(2375 2417 2419 2377)
4(2377 2419 2421 2379)
4(2379 2421 2423 2381)
4(2381 2423 2425 2383)
4(2383 2425 2427 2385)
4(2385 2427 2429 2387)
4(2387 2429 2431 2389)
4(2389 2431 2433 2391)
4(2391 2433 2435 2393)
4(2395 2437 2439 2397)
4(2397 2439 2441 2399)
4(2399 2441 2443 2401)
4(2401 2443 2445 2403)
4(2403 2445 2447 2405)
4(2405 2447 2449 2407)
4(2407 2449 2451 2409)
4(2409 2451 2453 2411)
4(2411 2453 2455 2413)
4(2413 2455 2457 2415)
4(2415 2457 2459 2417)
4(2417 2459 2461 2419)
4(2419 2461 2463 2421)
4(2421 2463 2465 2423)
4(2423 2465 2467 2425)
4(2425 2467 2469 2427)
4(2427 2469 2471 2429)
4(2429 2471 2473 2431)
4(2431 2473 2475 2433)
4(2433 2475 2477 2435)
4(2437 2479 2481 2439)
4(2439 2481 2483 2441)
4(2441 2483 2485 2443)
4(2443 2485 2487 2445)
4(2445 2487 2489 2447)
4(2447 2489 2491 2449)
4(2449 2491 2493 2451)
4(2451 2493 2495 2453)
4(2453 2495 2497 2455)
4(2455 2497 2499 2457)
4(2457 2499 2501 2459)
4(2459 2501 2503 2461)
4(2461 2503 2505 2463)
4(2463 2505 2507 2465)
4(2465 2507 2509 2467)
4(2467 2509 2511 2469)
4(2469 2511 2513 2471)
4(2471 2513 2515 2473)
4(2473 2515 2517 2475)
4(2475 2517 2519 2477)
4(2479 2521 2523 2481)
4(2481 2523 2525 2483)
4(2483 2525 2527 2485)
4(2485 2527 2529 2487)
4(2487 2529 2531 2489)
4(2489 2531 2533 2491)
4(2491 2533 2535 2493)
4(2493 2535 2537 2495)
4(2495 2537 2539 2497)
4(2497 2539 2541 2499)
4(2499 2541 2543 2501)
4(2501 2543 2545 2503)
4(2503 2545 2547 2505)
4(2505 2547 2549 2507)
4(2507 2549 2551 2509)
4(2509 2551 2553 2511)
4(2511 2553 2555 2513)
4(2513 2555 2557 2515)
4(2515 2557 2559 2517)
4(2517 2559 2561 2519)
)


// ************************************************************************* //
